bom_id|seq_num|level|part_num|part_version|part_name|part_family|part_name_zh
FS11|1|3|4275590|AC|6W ASM Track-LH-OTR|Assy|手动左侧滑轨总成
FS11|2|3|4275591|AC|6W ASM Track-LH-INR|Assy|主驾6W手动右侧滑轨总成
FS11|3|3|4275592|AC|6W ASM CQ POWER OUTTER TRACK|Assy|电动左侧滑轨总成
FS11|4|3|4275593|AC|6W ASM CQ POWER INNER TRACK|Assy|主驾6W电动右侧滑轨总成
FS11|5|3|4276287|AC|4W ASM Track-RH-INR|Assy|副驾4W手动右侧滑轨总成
FS11|6|3|4276291|AC|4W ASM CQ POWER RH INNER TRACK|Assy|副驾4W电动右侧滑轨总成
FS11|7|4|4195538|AA|Pivot， Bush|Plastic|旋转衬套
FS11|8|4|4198096|AA|Nut|Fastener|圆柱头螺母
FS11|9|4|4169196|AA|FS11 ASM bracket welded part|Assy|BX11后支架焊接组件
FS11|10|4|4195535|AA|PIN|Fastener|铆钉Φ8
FS11|12|4|4276305|AA|6W ASM Slide-LH|Assy|主驾6W手动左侧上滑轨组件
FS11|13|4|4276314|AA|6W ASM Slide-RH|Assy|主驾6W手动右侧上滑轨组件
FS11|14|4|4276320|AA|6W ASM Slide-LH|Assy|主驾6W电动左侧上滑轨组件
FS11|32|6|4197085|AA|BRACKET，PIVOT|Frame|旋转支架
FS11|33|6|4195515|AA|RIVET|Fastener|铆钉
FS11|34|6|4198098|AA|HDM|Assy|驱动器总成
FS11|41|5|n/d|AA|ASM SLIDE|Frame|保持架
FS11|42|5|4195477|AA|BEARING， BALL|Frame|钢球 5mm
FS11|43|5|4195474|AA|BEARING， BALL|Frame|钢球 6mm
FS11|44|4|4208497|n/d|Grease（Pg109）|Other|润滑脂（Pg109A*）
FS11|45|4|4208502|n/d|Grease（MG108F）|Other|润滑脂（Mg108F）
K316_FS|1|99|3482463|AB|620K CPL Front Seat R-Design|Assy|前排整椅运动款
K316_FS|2|99|3482463|AB|620A CPL Front Seat Textile_Rivil Chine|Assy|前排整椅织物款
K316_FS|3|99|3482463|AB|620A CPL Front Seat Leather|Assy|前排整椅真皮款
K316_FS|4|99|3482463|AB|620A CPL Front Seat R-Design|Assy|前排整椅运动款
K316_FS|5|99|3482463|AB|K316 CPL Front Seat Textile/Vinyl|Assy|前排整椅织物款
K316_FS|6|99|3482463|AB|K316 CPL Front Seat Leather|Assy|前排整椅真皮款
K316_FS|7|99|3482463|AB|K316 CPL Front Seat R-Design|Assy|前排整椅运动款
K316_FS|8|1|4491684|N/A|ASM_Backrest_2WM_LH|Structure|靠背骨架-左
K316_FS|9|1|4491687|N/A|ASM_Backrest_2WM_RH|Structure|靠背骨架-右
K316_FS|10|1|4491689|N/A|ASM_Backrest_2WP_Memory|Structure|靠背骨架带记忆
K316_FS|11|1|4491688|N/A|ASM_Backrest_2WP|Structure|靠背骨架
K316_FS|12|1|4621468|AA|Headrest Trim_Rivil Chine|Assy|头枕_织物款-黑色
K316_FS|13|1|3348469|005|ASM_Headrest_Textile/Vinyl|Assy|头枕_PVC款-黑色
K316_RS|1|0|3383378|AD|620K RS 60% Backrest Assembly_R-Design|Assy|620K 60%靠背总成-运动
K316_RS|2|0|3383378|AD|620A RS 60% Backrest Assembly_Rivil Chine|Assy|620A 60%靠背总成-PVC
K316_RS|3|0|3383378|AD|620A RS 60% Backrest Assembly_Leather|Assy|620A 60%靠背总成-真皮
K316_RS|4|0|3383378|AD|620A RS 60% Backrest Assembly_R-Design|Assy|620A 60%靠背总成-运动
K316_RS|5|0|3383378|AD|K316 RS 60% Backrest Assembly_Textile/Vinyl|Assy|K316 60%靠背总成-PVC
K316_RS|6|0|3383378|AD|K316 RS 60% Backrest Assembly_Leather|Assy|K316 60%靠背总成-真皮
K316_RS|7|0|3383378|AD|K316 RS 60% Backrest Assembly_R-Design|Assy|K316 60%靠背总成-运动
K316_RS|8|1|4798367|N/A|Backrest 60% w_HR_w_Armrest w_Skihatch w/o_Easy Fold|Assy|60%靠背骨架-不带电动折叠
K316_RS|9|1|4455022|N/A|ASM FRAME 2R RH W/ARM W/ Pwr Fold|Assy|60%靠背骨架-带电动折叠头枕
K316_RS|10|1|3394678|003|HR_Mechnism_Assy_Fixed|Function|固定式头枕机构
K316_RS|11|2|1578470|N/A|Screw_M6_Pre_Mounted_From_Supplier|Fastener|螺栓M6
K316_RS|12|1|3386394|AA|HR_Mechnism_Assy_Outer_w/t_EL_Actuator_RH|Function|折叠式头枕机构
K316_RS|13|2|1578470|N/A|Screw_M6_Pre_Mounted_From_Supplier|Fastener|螺栓M6
K316_RS|14|2|218645|N/A|Screw_Pre_Mounted_From_Supplier|Fastener|螺栓M6
K316_RS|15|1|3374087|6|Heating_Mat_Backrest|Electric|靠背加热垫
K316_RS|16|1|3394765|AA|WIRE HARNESS RSB HEAT ONLY-RH|wire harness|靠背线束-加热-右
K316_RS|17|1|4454334|AA|WIRE HARNESS RSB  NON-HEAT FOLDING HR-RH|wire harness|靠背线束不带加热-折叠头枕-右
K316_RS|18|1|4454335|AA|WIRE HARNESS RSB HEAT FOLDING HR-RH|wire harness|靠背线束-加热-折叠头枕-右
K316_RS|19|1|4429352|AB|BACKREST_NON-HEAT_FOLDING HR_RH|wire harness|靠背线束不带加热-折叠头枕-右
K316_RS|20|1|4429356|AB|BACKREST_HEAT ONLY_RH|wire harness|靠背线束-加热-右
K316_RS|21|1|4429349|AB|BACKREST_HEAT_FOLDING HR_RH|wire harness|靠背线束-加热-折叠头枕-右
K316_RS|22|2|3800866|AA|Plastic Bracket_wire harness_RH|Plastic|线束支架-右
WM_Ajax|1|0|6800016-1401|06|N/A|Plastic|左侧脚盖板
WM_Ajax|2|0|6800018-1401|04|N/A|Plastic|右侧脚盖板
WM_Ajax|3|0|6800000-1401-560|01|N/A|Assy|正驾六向手动座椅总成（低配材质）深蓝色
WM_Ajax|4|0|6800000-1401-222|01|N/A|Assy|正驾六向手动座椅总成（低配材质）浅灰色
WM_Ajax|5|99|6800000-1408-560||N/A|Assy|正驾六向手动座椅总成（标配材质）深蓝色
WM_Ajax|6|99|6800000-1408-222||N/A|Assy|正驾六向手动座椅总成（标配材质）浅灰色
WM_Ajax|7|0|6800000-1404-560|01|N/A|Assy|正驾六向电动座椅总成（无记忆无加热标配材质）深蓝色
WM_Ajax|8|0|6800000-1404-222|01|N/A|Assy|正驾六向电动座椅总成（无记忆无加热标配材质）浅灰色
WM_Ajax|9|0|6800000-1402-560|01|N/A|Assy|正驾六向电动座椅总成（带记忆无加热标配材质）深蓝色
WM_Ajax|10|0|6800000-1402-222|01|N/A|Assy|正驾六向电动座椅总成（带记忆无加热标配材质）浅灰色
WM_Ajax|11|0|6800000-1403-560|01|N/A|Assy|正驾六向电动座椅总成（带腰托带加热带记忆高配材质）深蓝色
WM_Ajax|12|0|6800000-1403-222|01|N/A|Assy|正驾六向电动座椅总成（带腰托带加热带记忆高配材质）浅灰色
WM_Ajax|13|0|6800000-1405-560|01|N/A|Assy|正驾六向电动座椅总成（无记忆带加热标配材质）深蓝色
WM_Ajax|14|0|6800000-1405-222|01|N/A|Assy|正驾六向电动座椅总成（无记忆带加热标配材质）浅灰色
WM_Ajax|15|0|6800000-1406-560|01|N/A|Assy|正驾六向电动座椅总成（无记忆无加热高配材质）深蓝色
WM_Ajax|16|0|6800000-1406-222|01|N/A|Assy|正驾六向电动座椅总成（无记忆无加热高配材质）浅灰色
WM_Ajax|17|0|6800000-1407-560|01|N/A|Assy|正驾六向电动座椅总成（带腰托带加热带记忆NAPPA真皮材质）深蓝色
WM_Ajax|18|0|6800000-1407-222|01|N/A|Assy|正驾六向电动座椅总成（带腰托带加热带记忆NAPPA真皮材质）浅灰色
WM_Ajax|19|1|6800006-1401|01|N/A|Assy|前排安全带锁扣总成
WM_Ajax|20|1|6800001-1401-560|08|N/A|Plastic|主驾六向手动外侧旁侧板
WM_Ajax|21|1|6800001-1402-560|08|N/A|Plastic|主驾六向电动外侧旁侧板
WM_Ajax|22|1|6800002-1401-560|05|N/A|Plastic|主驾六向内侧旁侧板
WM_Ajax|23|1|6800003-1401-560|05|N/A|Plastic|主驾六向手动调角器解锁手柄
WM_Ajax|24|1|6800004-1401-560|04|N/A|Plastic|主驾六向手动高调手柄
WM_Ajax|25|1|6800005-1401-560|03|N/A|Plastic|主驾六向手动高调手柄罩盖
WM_Ajax|26|1|6800010-614|03|N/A|Function|主驾六向开关控制盒
WM_Ajax|27|1|6800004-614|04|N/A|Function|6W电动坐垫调节按钮
WM_Ajax|28|1|6800003-614|01|N/A|Function|6W电动靠背调节按钮
WM_Ajax|29|1|6800012-406|02|N/A|Fastener|电气控制开关盒自攻螺钉
WM_Ajax|30|1|6800030-614|05|N/A|Function|电动腰托开关按钮组件
WM_Ajax|31|1|6800004-1403|03|N/A|Function|记忆开关按钮组件
WM_Ajax|32|1|6800001-1403|04|N/A|Function|记忆模块
WM_Ajax|33|1|6800004-1404-560|03|N/A|Plastic|标配旁侧板装饰盖1
WM_Ajax|34|1|6800004-1402-560|04|N/A|Plastic|标配旁侧板装饰盖2
WM_Ajax|35|1|6800008-1401||N/A|Package bag|前排座椅包装袋
WM_Ajax|36|1|6800005-274|03|N/A|Fastener|十字槽盘头自攻螺钉（装塑料件）
WM_Ajax|37|1|3308632|02|N/A|Fastener|靠背连接螺栓M10×1.0×20
WM_Ajax|38|1|6805000-1401-560|02|N/A|Assy|正驾六向手动靠背总成（低配材质）深蓝色
WM_Ajax|39|1|6805000-1401-222|01|N/A|Assy|正驾六向手动靠背总成（低配材质）浅灰色
WM_Ajax|40|1|6805000-1408-560||N/A||正驾六向手动靠背总成（标配材质）深蓝色
WM_Ajax|41|1|6805000-1408-222||N/A||正驾六向手动靠背总成（标配材质）浅灰色
WM_Ajax|42|1|6805000-1402-560|04|N/A|Assy|正驾六向电动靠背总成（带记忆无加热标配材质）深蓝色
WM_Ajax|43|1|6805000-1402-222|02|N/A|Assy|正驾六向电动靠背总成（带记忆无加热标配材质）浅灰色
WM_Ajax|44|1|6805000-1403-560|04|N/A|Assy|正驾六向电动靠背总成（带腰托带加热带记忆高配材质）深蓝色
WM_Ajax|45|1|6805000-1403-222|01|N/A|Assy|正驾六向电动靠背总成（带腰托带加热带记忆高配材质）浅灰色
WM_Ajax|46|1|6805000-1404-560|01|N/A|Assy|正驾六向电动靠背总成（无记忆标配材质）深蓝色
WM_Ajax|47|1|6805000-1404-222|01|N/A|Assy|正驾六向电动靠背总成（无记忆标配材质）浅灰色
WM_Ajax|48|1|6805000-1406-560|01|N/A|Assy|正驾六向电动靠背总成（无记忆高配材质）深蓝色
WM_Ajax|49|1|6805000-1406-222|01|N/A|Assy|正驾六向电动靠背总成（无记忆高配材质）浅灰色
WM_Ajax|50|1|6805000-1407-560|01|N/A|Assy|正驾六向电动靠背总成（带腰托带加热带记忆NAPPA真皮材质）深蓝色
WM_Ajax|51|1|6805000-1407-222|01|N/A|Assy|正驾六向电动靠背总成（带腰托带加热带记忆NAPPA真皮材质）浅灰色
WM_Ajax|52|2|6805300-1401|02|N/A|Assy|正驾镁合金靠背骨架总成(手动)
WM_Ajax|53|2|6805300-1402|01|N/A|Assy|正驾镁合金靠背骨架总成(电动不带记忆)
WM_Ajax|54|2|6805300-1403|01|N/A|Assy|正驾镁合金靠背骨架总成(电动带记忆)
WM_Ajax|55|3|6805310-1401|04|N/A|Assy|正驾镁合金靠背骨架分总成(手动)
WM_Ajax|56|3|6905310-1402|01|N/A|Assy|镁合金靠背骨架分总成(电动)
WM_Ajax|57|3|6805310-1403|01|N/A|Assy|正驾镁合金靠背骨架分总成(电动带记忆)
WM_Ajax|58|4|3308610|01|N/A|Frame|镁合金靠背骨架(HG11B)
WM_Ajax|59|4|6805320-1600|01|N/A|Assy|L3000手动调角器组件 左 L3000 Manual Recliner Core Assy L
WM_Ajax|60|4|6805320-1402|02|N/A|Assy|T3000电动调角器组件 左
WM_Ajax|61|5|6805323-1600|01|N/A|Assy|L3000手动调角器焊接分组件左
WM_Ajax|62|6|6805321-1600|01|N/A|Frame|L3000调角器上连接板 左 L3000 Recliner Upper Bracket L
WM_Ajax|63|5|6805131-1402|03|N/A|Frame|T3000调角器上连接板 左 Recliner upper bracket L
WM_Ajax|64|6|2774876|01|N/A|Function|L3000 调角器核心件 左L3000 Manual Recliner Core L
WM_Ajax|66|6|6805321-1401|02|N/A|Frame|调角器下连接板 左(HG11B) Recliner lower bracket L
WM_Ajax|67|5|6805321-1401|02|N/A|Frame|调角器下连接板 左(HG11B) Recliner lower bracket L
WM_Ajax|68|5|6805332-1600|01|N/A|Frame|靠背回复板簧下挂钩 Backrest spring bracket
WM_Ajax|69|4|6805330-1600|01|N/A|Assy|L3000手动调角器组件 右 L3000 Manual Recliner Core Assy R
WM_Ajax|70|4|6805330-1402|01|N/A|Assy|T3000电动调角器组件 右
WM_Ajax|71|5|6805333-1600|01|N/A|Assy|L3000手动调角器焊接分组件右
WM_Ajax|72|6|6805331-1600|01|N/A|Frame|L3000调角器上连接板 右 Recliner Upper Backrest R
WM_Ajax|74|6|6805331-1401|01|N/A|Frame|调角器下连接板 右(HG11B) Recliner lower bracket R
WM_Ajax|75|5|6805331-1401|01|N/A|Frame|调角器下连接板 右(HG11B) Recliner lower bracket R
WM_Ajax|76|5|6805332-1600|01|N/A|Frame|靠背回复板簧下挂钩 Backrest spring bracket
WM_Ajax|77|5|6805333-1402|02|N/A|Frame|T3000调角器上连接板 右 Recliner Upper Backrest R
WM_Ajax|78|5|2774897|01|N/A|Function|T3000调角器核心件 T3000-20P
WM_Ajax|79|4|6805340-1401|01|N/A|Assy|L3000 同步杆组件 L3000 Recliner shaft assy
WM_Ajax|80|5|6805341-1600|01|N/A|Frame|L3000 调角器同步杆 L3000 Recliner shaft
WM_Ajax|81|5|6805341-1401|01|N/A|Frame|主驾调角器解锁手柄 Recliner unlock disk
WM_Ajax|82|5|6805342-1401|01|N/A|Frame|扭簧固定支架
WM_Ajax|83|4|6805311-1401|02|N/A|Frame|正驾手柄助力扭簧
WM_Ajax|85|4|2486418|01|N/A|Fastener|同步杆止推卡圈(HG11B) Shaft Clamp
WM_Ajax|86|4|3656846|01|N/A|Function|调角器限位挡块(ES8) Endstop Element left
WM_Ajax|87|4|3656852|01|N/A|Frame|调角器解锁手柄回位弹簧 左(ES8) Recliner disk release spring L
WM_Ajax|88|4|6805370-1600|01|N/A|Spring|8mm×3.5mm靠背回复板簧 Backrest released spring
WM_Ajax|89|4|3308632|01|N/A|Fastener|靠背连接螺栓M10×1.0×20
WM_Ajax|92|4|2774902|01|N/A|Function|调角器电机（带记忆）
WM_Ajax|94|3|6805390-1401|01|N/A|Assy|EPP头枕杆组件
WM_Ajax|95|3|6805350-1401|02|N/A|Assy|头枕杆焊接组件
WM_Ajax|96|4|6805351-1401|02|N/A|Frame|头枕杆
WM_Ajax|97|4|6805352-1401|01|N/A|Frame|头枕杆焊接钢丝
WM_Ajax|98|4|6805001-1401|01|N/A|Foam|EPP泡沫本体
WM_Ajax|99|3|3326919|01|N/A|Plastic|头枕导套
WM_Ajax|100|3|6805340-1402|02|N/A|Assy|主驾气囊安装支架组件
WM_Ajax|101|4|6805341-1402|02|N/A|Frame|主驾气囊安装支架
WM_Ajax|102|4|3308617|01|N/A|Frame|焊接螺栓
WM_Ajax|103|3|1693808|01|N/A|Fastener|六角法兰面螺母 M6
WM_Ajax|104|2|3308177|01|N/A|Plastic|靠背弹簧安装卡扣(HG11B) sN/Ap joint
WM_Ajax|105|2|6805301-1401|02|N/A|Assy|P5 MAT 靠背曲簧
WM_Ajax|106|2|6800006-1403|05|N/A|Function|气动腰托
WM_Ajax|107|2|6805380-1402|01|N/A|Assy|主驾安全气囊
WM_Ajax|108|2|2149919|01|N/A|Fastener|气囊自锁螺母 M5
WM_Ajax|109|2|6805200-1401|02|N/A|Assy|靠背泡沫总成（不带气囊）
WM_Ajax|110|2|6805200-1402|02|N/A|Assy|正驾靠背泡沫总成（带气囊）
WM_Ajax|111|3|A200280|01|N/A|Frame|靠背泡沫拉型钢丝1
WM_Ajax|112|3|A200130|01|N/A|Frame|靠背泡沫拉型钢丝2
WM_Ajax|113|3|6805201-1401|01|N/A|Frame|靠背泡沫拉型钢丝4
WM_Ajax|114|3|6805202-1401|01|N/A|Frame|靠背泡沫拉型钢丝5
WM_Ajax|115|3|6805205-1401|01|N/A|Other|靠背无纺布（不带气囊）
WM_Ajax|116|3|6805202-1402|01|N/A|Other|主驾靠背无纺布（带气囊）
WM_Ajax|117|3|6805206-1401|01|N/A|Other|刺毛带
WM_Ajax|118|3|6805201-1402|01|N/A|Other|加强布
WM_Ajax|119|3|6805203-1401|01|N/A|Foam|靠背泡沫本体（不带气囊）
WM_Ajax|120|3|6805204-1401|01|N/A|Foam|正驾靠背泡沫本体（带气囊）
WM_Ajax|121|2|N 015 261 2|01|N/A|Fastener|C型钉
WM_Ajax|122|2|6805100-1401-560|01|N/A|Assy|正驾六向手动靠背面套总成（低配材质）深蓝色
WM_Ajax|123|2|6805100-1401-222|01|N/A|Assy|正驾六向手动靠背面套总成（低配材质）浅灰色
WM_Ajax|124|2|6805100-1408-560||N/A||正驾六向手动靠背面套总成（标配材质）深蓝色
WM_Ajax|125|2|6805100-1408-222||N/A||正驾六向手动靠背面套总成（标配材质）浅灰色
WM_Ajax|126|2|6805100-1402-560|01|N/A|Assy|正驾六向电动靠背面套总成（标配材质）深蓝色
WM_Ajax|127|2|6805100-1402-222|01|N/A|Assy|正驾六向电动靠背面套总成（标配材质）浅灰色
WM_Ajax|128|2|6805100-1403-560|01|N/A|Assy|正驾六向电动靠背面套总成（高配材质）深蓝色
WM_Ajax|129|2|6805100-1403-222|01|N/A|Assy|正驾六向电动靠背面套总成（高配材质）浅灰色
WM_Ajax|130|2|6805100-1407-560|01|N/A|Assy|正驾六向电动靠背面套总成（NAPPA真皮材质）深蓝色
WM_Ajax|131|2|6805100-1407-222|01|N/A|Assy|正驾六向电动靠背面套总成（NAPPA真皮材质）浅灰色
WM_Ajax|132|2|6803200-1402|01|N/A|Assy|前排背板遮挡帘
WM_Ajax|134|2|6800010-1402-560|6|N/A|Assy|前排靠背背板总成（标配材质）
WM_Ajax|136|3|6800011-1401-560|08|N/A|Plastic|前排靠背背板本体
WM_Ajax|137|3|6800012-1401-560|02|N/A|Plastic|地图袋固定支架
WM_Ajax|138|3|6800013-1401-560|04|N/A|Plastic|背板插口盖板
WM_Ajax|139|3|6800015-1401|02|N/A|Plastic|背板安装支架
WM_Ajax|141|3|6800014-1402|01|N/A|Plastic|地图袋（标配材质）
WM_Ajax|143|2|GBZG008|01|N/A|Fastener|ST4.8×19自攻钉
WM_Ajax|144|2|6805370-1401|01|N/A|Function|USB模块
WM_Ajax|145|2|6800009-1401|01|N/A|Wire|低配靠背线束
WM_Ajax|146|2|6900005-1402|03|N/A|Wire|标配副驾靠背线束
WM_Ajax|147|2|6800005-1402|03|N/A|Wire|标配主驾靠背线束
WM_Ajax|148|2|6800008-1403|03|N/A|Wire|高配主驾靠背线束
WM_Ajax|149|1|6803000-1401-560|01|N/A|Assy|正驾六向手动坐垫总成（低配材质）深蓝色
WM_Ajax|150|1|6803000-1401-222|01|N/A|Assy|正驾六向手动坐垫总成（低配材质）浅灰色
WM_Ajax|151|1|6803000-1408-560|01|N/A||正驾六向手动坐垫总成（标配材质）深蓝色
WM_Ajax|152|1|6803000-1408-222|01|N/A||正驾六向手动坐垫总成（标配材质）浅灰色
WM_Ajax|153|1|6803000-1402-560|01|N/A|Assy|正驾六向电动坐垫总成（带记忆无加热标配材质）深蓝色
WM_Ajax|154|1|6803000-1402-222|01|N/A|Assy|正驾六向电动坐垫总成（带记忆无加热标配材质）浅灰色
WM_Ajax|155|1|6803000-1403-560|01|N/A|Assy|正驾六向电动坐垫总成（带记忆带加热高配材质）深蓝色
WM_Ajax|156|1|6803000-1403-222|01|N/A|Assy|正驾六向电动坐垫总成（带记忆带加热高配材质）浅灰色
WM_Ajax|157|1|6803000-1404-560|01|N/A|Assy|正驾六向电动坐垫总成（无记忆无加热标配材质）深蓝色
WM_Ajax|158|1|6803000-1404-222|01|N/A|Assy|正驾六向电动坐垫总成（无记忆无加热标配材质）浅灰色
WM_Ajax|159|1|6803000-1405-560|01|N/A|Assy|正驾六向电动坐垫总成（无记忆带加热标配材质）深蓝色
WM_Ajax|160|1|6803000-1405-222|01|N/A|Assy|正驾六向电动坐垫总成（无记忆带加热标配材质）浅灰色
WM_Ajax|161|1|6803000-1406-560|02|N/A|Assy|正驾六向电动坐垫总成（无记忆无加热高配材质）深蓝色
WM_Ajax|162|1|6803000-1406-222|02|N/A|Assy|正驾六向电动坐垫总成（无记忆无加热高配材质）浅灰色
WM_Ajax|163|1|6803000-1407-560|03|N/A|Assy|正驾六向电动坐垫总成（带记忆带加热NAPPA真皮材质）深蓝色
WM_Ajax|164|1|6803000-1407-222|03|N/A|Assy|正驾六向电动坐垫总成（带记忆带加热NAPPA真皮材质）浅灰色
WM_Ajax|165|2|6803002-1800|01|N/A|Assy|座垫防噪音无纺布
WM_Ajax|166|2|6803170-1401|01|N/A|Assy|坐垫曲簧组件
WM_Ajax|167|2|6803300-1401|05|N/A|Assy|镁合金座框骨架总成(手动6W) Magnesium alloy cushion frame assy(Manual)
WM_Ajax|168|2|6803300-1403|07|N/A|Assy|镁合金座框骨架总成(电动6W带记忆) Magnesium alloy cushion frame assy(Manual)
WM_Ajax|169|2|6803300-1402|7|N/A|Assy|镁合金座框骨架总成(电动6W不带记忆)
WM_Ajax|170|3|3308126|01|N/A|Fastener|升降机构螺栓
WM_Ajax|171|3|6803310-1401|04|N/A|Assy|六向手动座框骨架分总成
WM_Ajax|172|3|6803310-1402|05|N/A|Assy|正驾六向电动座框骨架分总成（不带记忆）
WM_Ajax|173|3|6803310-1403|05|N/A|Assy|正驾六向电动座框骨架分总成（带记忆）
WM_Ajax|174|4|6803311-1401|02|N/A|Assy|座框焊接总成
WM_Ajax|175|5|6803312-1600|01|N/A|Frame|助力后横管 Assistance rear tube
WM_Ajax|176|5|6803317-1401|01|N/A|Assy|高调齿板组件
WM_Ajax|177|6|6803316-1401|01|N/A|Assy|高调齿板焊接分总成
WM_Ajax|178|7|6803314-1600|01|N/A|Frame|高调齿板 Gear linkage
WM_Ajax|179|7|6803315-1401|01|N/A|Frame|高调限位挡板
WM_Ajax|180|6|3308285|01|N/A|Assy|自润滑衬套φ15.4(HG11B) Self-lubricating bushing φ15.4
WM_Ajax|181|5|3308299|01|N/A|Assy|后提升连杆组件(HG11B) Rear Linkage Assy
WM_Ajax|182|6|3308301|01|N/A|Frame|后提升连杆(HG11B) Rear Linkage
WM_Ajax|183|6|3308285|01|N/A|Assy|自润滑衬套φ15.4(HG11B) Self-lubricating bushing φ15.4
WM_Ajax|184|5|3308256|01|N/A|Assy|镁合金座框分组件(HG11B) magnesium alloy cushion sub comp
WM_Ajax|185|6|3308263|01|N/A|Frame|镁合金座框骨架(HG11B) Magnesium alloy cushion frame
WM_Ajax|186|6|3308290|01|N/A|Assy|自润滑衬套φ22(HG11B) Self-lubricating bushing φ22
WM_Ajax|187|4|6803320-1401|01|N/A|Assy|前提升杆焊接组件
WM_Ajax|188|5|6803340-1401|01|N/A|Assy|前提升连杆组件-左
WM_Ajax|189|6|6803341-1401|01|N/A|Frame|前提升连杆-左
WM_Ajax|190|6|3308285|01|N/A|Frame|自润滑衬套φ15.4(HG11B) Self-lubricating bushing φ15.4
WM_Ajax|191|6|3308288|01|N/A|Frame|自润滑衬套φ12.42(HG11B) Self-lubricating bushing φ12.42
WM_Ajax|192|5|6803350-1401|01|N/A|Assy|前提升连杆组件-右 Front Linkage Assy
WM_Ajax|193|6|6803351-1401|01|N/A|Frame|前提升连杆-右 Front linkage
WM_Ajax|194|6|3308285|01|N/A|Frame|自润滑衬套φ15.4(HG11B) Self-lubricating bushing φ15.4
WM_Ajax|195|6|3308288|01|N/A|Frame|自润滑衬套φ12.42(HG11B) Self-lubricating bushing φ12.42
WM_Ajax|196|5|6803321-1401|01|N/A|Frame|加强横管
WM_Ajax|197|4|3308283|01|N/A|Fastener|(HG11B)D11.5 铆钉 D11.5 Rivet
WM_Ajax|198|4|2778675|01|N/A|Fastener|止退挡圈
WM_Ajax|199|4|3308137|01|N/A|Assy|高调防撞支架组件
WM_Ajax|200|5|3308187|01|N/A|Frame|高调防撞支架
WM_Ajax|201|5|1208823|01|N/A|Plastic|高调间隔衬套
WM_Ajax|202|4|1693808|01|N/A|Fastener|M6法兰盘锁紧螺母
WM_Ajax|203|4|1902561-D|01|N/A|Function|座椅手动调高器组件
WM_Ajax|204|4|3487724|01|N/A|Motor|HA2000 电动高调组件(不带记忆)
WM_Ajax|205|4|3487734|01|N/A|Function|HA2000 电动高调组件(带记忆)
WM_Ajax|206|4|6803301-1600|01|N/A|Spring|高调助力扭簧
WM_Ajax|207|4|1585699|01|N/A|Plastic|弹力轴套
WM_Ajax|208|3|3308155|01|N/A|Fastener|D5 拉铆钉(HG11B)
WM_Ajax|209|3|1693808|01|N/A|Fastener|M6法兰盘锁紧螺母
WM_Ajax|210|3|6803360-1401|05|N/A|Assy|手动旁侧板支撑焊接组件
WM_Ajax|211|3|6803360-1402|05|N/A|Assy|电动旁侧板支撑焊接组件
WM_Ajax|212|3|6903301-1401|02|N/A|Frame|副驾镁合金座框骨架座盆
WM_Ajax|213|4|6803361-1401|02|N/A|Frame|旁侧板支撑前支架
WM_Ajax|214|4|6803362-1401|03|N/A|Frame|手动旁侧板支撑钢丝1
WM_Ajax|215|4|6803363-1401|02|N/A|Frame|手动旁侧板支撑钢丝2
WM_Ajax|216|4|6803361-1402|02|N/A|Frame|电动旁侧板中间支撑板
WM_Ajax|217|4|6803362-1402|3|N/A|Frame|电动动旁侧板支撑钢丝1
WM_Ajax|218|4|6803363-1402|02|N/A|Frame|电动旁侧板支撑钢丝2
WM_Ajax|219|4|6803331-1401|02|N/A|Frame|铆接柱
WM_Ajax|220|4|6803334-1401|01|N/A|Frame|高调固定支架
WM_Ajax|221|3|6803330-1401|01|N/A|Assy|四连杆组件
WM_Ajax|222|4|6803306-405|01|N/A|Assy|中置高调支架组件
WM_Ajax|223|5|6803303-1401|01|N/A|Frame|中置高调支架
WM_Ajax|224|5|6803348-705|01|N/A|Frame|自润滑轴套
WM_Ajax|225|4|6803332-1401|01|N/A|Frame|中间连接支架
WM_Ajax|226|4|6803338-705|01|N/A|Fastener|铆钉
WM_Ajax|227|4|6803307-1401|01|N/A|Assy|后置高调支架组件
WM_Ajax|228|5|6803305-405|01|N/A|Frame|后置高调支架
WM_Ajax|229|5|6803348-705|01|N/A|Frame|自润滑轴套
WM_Ajax|230|3|1804263|01|N/A|Fastener|手柄螺钉 M6×10
WM_Ajax|231|3|6803313-1401|01|N/A|Frame|电器安装支架
WM_Ajax|232|4|3308606|01|N/A|Fastener|凸焊螺母（HG11B）
WM_Ajax|233|3|6803370-1401|01|N/A|Assy|坐垫前端面套固定钢丝组件
WM_Ajax|234|4|6803371-1401|01|N/A|Frame|坐垫前端面套固定钢丝
WM_Ajax|235|4|3308617|01|N/A|Fastener|焊接螺栓M6
WM_Ajax|236|3|6803301-1402|01|N/A|Frame|线束安装支架
WM_Ajax|237|3|6804300-1401|04|N/A|Assy|主驾六向手动外侧滑道总成-LH
WM_Ajax|238|3|6804400-1401|05|N/A|Assy|主驾六向手动内侧滑道总成-LH
WM_Ajax|239|3|GBLM010-2|01|N/A|Fastener|滑轨链接螺母
WM_Ajax|240|3|6804380-1401|03|N/A|Assy|解锁手柄组件
WM_Ajax|241|4|6804381-1401|01|N/A|Frame|解锁手柄
WM_Ajax|242|4|6804382-1401|02|N/A|Frame|手柄旋转轴
WM_Ajax|243|4|6804383-1701|01|N/A|Plastic|塑料夹
WM_Ajax|244|3|6804383-1401|01|N/A|Spring|手柄弹簧
WM_Ajax|245|3|6804300-1402|10|N/A|Assy|主驾六向电动外侧滑道总成-LH
WM_Ajax|246|3|6804400-1402|11|N/A|Assy|主驾六向电动内侧滑道总成-LH
WM_Ajax|247|3|6804350-1403|01|N/A|Function|电动滑轨电机总成（带记忆）
WM_Ajax|248|3|6804350-1402|01|N/A|Function|电动滑轨电机总成（不带记忆）
WM_Ajax|249|4|4362149|01|N/A|Function|电动滑轨电机（带记忆）
WM_Ajax|250|4|4362146|01|N/A|Function|电动滑轨电机（不带记忆）
WM_Ajax|251|4|6804454-719|01|N/A|Function|电动传动短软轴
WM_Ajax|252|4|6804355-1402|02|N/A|Plastic|滑轨电机支架
WM_Ajax|253|4|6804351-1402|02|N/A|Function|电动传动长软轴组件
WM_Ajax|254|5|6804352-1402|01|N/A|Function|电动传动长软轴
WM_Ajax|255|5|6804353-1402|01|N/A|Function|电动传动长软轴胶套
WM_Ajax|256|2|6803200-1401|08|N/A|Assy|坐垫泡沫总成
WM_Ajax|257|3|A200240|01|N/A|Frame|坐垫泡沫拉型钢丝1
WM_Ajax|258|3|A200260|01|N/A|Frame|坐垫泡沫拉型钢丝2
WM_Ajax|259|3|A200160|01|N/A|Frame|坐垫泡沫拉型钢丝3
WM_Ajax|260|3|6803202-1401|01|N/A|Other|刺毛带
WM_Ajax|261|3|6803203-1401|01|N/A|Other|坐垫无纺布
WM_Ajax|262|3|6803201-1401|01|N/A|Foam|坐垫泡沫本体
WM_Ajax|263|2|N 015 261 2|01||Fastener|C型钉
WM_Ajax|264|2|6803100-1401-560|01|N/A|Assy|正驾六向手动坐垫面套总成（低配材质）深蓝色
WM_Ajax|265|2|6803100-1401-222|01|N/A|Assy|正驾六向手动坐垫面套总成（低配材质）浅灰色
WM_Ajax|266|2|6803100-1408-560||N/A||正驾六向手动坐垫面套总成（标配材质）深蓝色
WM_Ajax|267|2|6803100-1408-222||N/A||正驾六向手动坐垫面套总成（标配材质）浅灰色
WM_Ajax|268|2|6803100-1402-560|01|N/A|Assy|正驾六向电动坐垫面套总成（标配材质）深蓝色
WM_Ajax|269|2|6803100-1402-222|01|N/A|Assy|正驾六向电动坐垫面套总成（标配材质）浅灰色
WM_Ajax|270|2|6803100-1403-560|01|N/A|Assy|正驾六向电动坐垫面套总成（高配材质）深蓝色
WM_Ajax|271|2|6803100-1403-222|01|N/A|Assy|正驾六向电动坐垫面套总成（高配材质）浅灰色
WM_Ajax|272|2|6803100-1407-560|01|N/A|Assy|正驾六向电动坐垫面套总成（NAPPA真皮材质）深蓝色
WM_Ajax|273|2|6803100-1407-222|01|N/A|Assy|正驾六向电动坐垫面套总成（NAPPA真皮材质）浅灰色
WM_Ajax|274|2|6800007-1401|02|N/A|Function|SBR
WM_Ajax|275|2|6800005-1403|02|N/A|Function|加热垫
WM_Ajax|276|2|6800017-1401|01|N/A|Wire|低配主驾坐垫线束
WM_Ajax|277|2|6800002-1402|05|N/A|Wire|标配主驾坐垫线束
WM_Ajax|278|2|6800006-1402|04|N/A|Wire|标配主驾坐垫线束（无记忆）
WM_Ajax|279|2|6800001-1405|03|N/A|Wire|标配主驾坐垫线束（无记忆带加热）
WM_Ajax|280|2|6800007-1403|05|N/A|Wire|高配主驾坐垫线束
WM_Ajax|281|0|6900000-1401-560|01|N/A|Assy|副驾四向手动座椅总成（低配材质）深蓝色
WM_Ajax|282|0|6900000-1401-222|01|N/A|Assy|副驾四向手动座椅总成（低配材质）浅灰色
WM_Ajax|283|99|6900000-1408-560|01|N/A|Assy|副驾四向手动座椅总成（标配材质）深蓝色
WM_Ajax|284|99|6900000-1408-222|01||Assy|副驾四向手动座椅总成（标配材质）浅灰色
WM_Ajax|285|0|6900000-1402-560|01|N/A|Assy|副驾四向电动座椅总成（标配材质）深蓝色
WM_Ajax|286|0|6900000-1402-222|01|N/A|Assy|副驾四向电动座椅总成（标配材质）浅灰色
WM_Ajax|287|0|6900000-1403-560|01|N/A|Assy|副驾四向电动座椅总成（带加热高配材质）
WM_Ajax|288|0|6900000-1403-222|01|N/A|Assy|副驾四向电动座椅总成（带加热高配材质）
WM_Ajax|289|0|69000000-1404-560|01|N/A|Assy|副驾四向电动座椅总成（带加热标配材质)深蓝色
WM_Ajax|290|0|69000000-1404-222|01|N/A|Assy|副驾四向电动座椅总成（带加热标配材质)浅灰色
WM_Ajax|291|0|69000000-1405-560|01|N/A|Assy|副驾四向电动座椅总成（无加热高配材质）深蓝色
WM_Ajax|292|0|69000000-1405-222|01|N/A|Assy|副驾四向电动座椅总成（无加热高配材质）浅灰色
WM_Ajax|293|0|69000000-1406-560|01|N/A|Assy|副驾四向电动座椅总成（带加热NAPPA真皮材质）深蓝色
WM_Ajax|294|0|69000000-1406-222|01|N/A|Assy|副驾四向电动座椅总成（带加热NAPPA真皮材质）浅灰色
WM_Ajax|295|1|6800006-1401|01|N/A|Assy|前排安全带锁扣总成
WM_Ajax|296|1|6900001-1401-560|08|N/A|Plastic|副驾四向手动外侧旁侧板
WM_Ajax|297|1|6900001-1402-560|07|N/A|Plastic|副驾四向电动外侧旁侧板
WM_Ajax|298|1|6900002-1401-560|04|N/A|Plastic|副驾四向内侧旁侧板
WM_Ajax|299|1|6900003-1401-560|04|N/A|Plastic|副驾四向手动调角器解锁手柄
WM_Ajax|300|1|6800005-274|01|N/A|Fastener|十字槽盘头自攻螺钉（装塑料件）
WM_Ajax|301|1|6800012-406|01|N/A|Fastener|电气控制开关盒自攻螺钉
WM_Ajax|302|1|6907110-BH04|01|N/A|Function|副驾四向开关
WM_Ajax|303|1|6900003-1402|01|N/A|Function|副驾4W电动坐垫调节按钮
WM_Ajax|304|1|6900004-1402|01|N/A|Function|副驾4W电动靠背调节按钮
WM_Ajax|305|1|3308632|01|N/A|Fastener|靠背连接螺栓M10×1.0×20
WM_Ajax|306|1|6800008-1401|02|N/A|Package bag|座椅包装袋
WM_Ajax|307|1|6905000-1401-560|01|N/A|Assy|副驾四向手动靠背总成（低配材质）深蓝色
WM_Ajax|308|1|6905000-1401-222|01|N/A|Assy|副驾四向手动靠背总成（低配材质）浅灰色
WM_Ajax|310|1|6805100-1408-560||N/A||正驾六向手动靠背面套总成（标配材质）深蓝色
WM_Ajax|312|1|6805100-1408-222||N/A||正驾六向手动靠背面套总成（标配材质）浅灰色
WM_Ajax|313|1|6905000-1402-560|01|N/A|Assy|副驾四向电动靠背总成（标配材质）深蓝色
WM_Ajax|314|1|6905000-1402-222|01|N/A|Assy|副驾四向电动靠背总成（标配材质）浅灰色
WM_Ajax|315|1|6905000-1403-560|01|N/A|Assy|副驾四向电动靠背总成（高配材质）深蓝色
WM_Ajax|316|1|6905000-1403-222|01|N/A|Assy|副驾四向电动靠背总成（高配材质）浅灰色
WM_Ajax|317|1|6905000-1406-560|01|N/A|Assy|副驾四向电动靠背总成（NAPPA真皮材质）深蓝色
WM_Ajax|318|1|6905000-1406-222|01|N/A|Assy|副驾四向电动靠背总成（NAPPA真皮材质）浅灰色
WM_Ajax|319|2|6905300-1401|02|N/A|Assy|镁合金靠背骨架总成(手动)
WM_Ajax|320|2|6905300-1402|01|N/A|Assy|镁合金靠背骨架总成(电动)
WM_Ajax|321|3|6905310-1401|04|N/A|Assy|镁合金靠背骨架分总成(手动)
WM_Ajax|322|3|6905310-1402|01|N/A|Assy|镁合金靠背骨架分总成(电动)
WM_Ajax|324|4|3308610|01|N/A|Frame|镁合金靠背骨架(HG11B)
WM_Ajax|325|4|6805320-1600|01|N/A|Assy|L3000手动调角器组件 左 L3000 Manual Recliner Core Assy L
WM_Ajax|326|4|6805320-1402|02|N/A|Assy|T3000电动调角器组件 左
WM_Ajax|327|5|6805323-1600|02|N/A|Assy|L3000手动调角器焊接分组件 左
WM_Ajax|328|6|6805321-1600|01|N/A|Frame|L3000调角器上连接板 左 L3000 Recliner Upper Bracket L
WM_Ajax|329|5|6805131-1402|03|N/A|Frame|T3000调角器上连接板 左 Recliner upper bracket L
WM_Ajax|330|6|2774876|01|N/A|Function|L3000 调角器核心件 左L3000 Manual Recliner Core L
WM_Ajax|332|6|3308628|01|N/A|Frame|调角器下连接板 左(HG11B) Recliner lower bracket L
WM_Ajax|333|5|3308628|01|N/A|Frame|调角器下连接板 左(HG11B) Recliner lower bracket L
WM_Ajax|334|5|6805332-1600|01|N/A|Frame|靠背回复板簧下挂钩 Backrest spring bracket
WM_Ajax|335|4|6805330-1600|01|N/A|Assy|L3000手动调角器组件 右 L3000 Manual Recliner Core Assy R
WM_Ajax|336|4|6805330-1402|02|N/A|Assy|T3000电动调角器组件 右
WM_Ajax|337|5|6805333-1600|01|N/A|Assy|L3000手动调角器焊接分组件 右
WM_Ajax|338|6|6805331-1600|01|N/A|Frame|L3000调角器上连接板 右 Recliner Upper Backrest R
WM_Ajax|339|6|2774885|01|N/A|Function|L3000 调角器核心件 右 L3000 Manual Recliner Core R
WM_Ajax|342|5|6805332-1600|01|N/A|Frame|靠背回复板簧下挂钩 Backrest spring bracket
WM_Ajax|343|5|6805333-1402|03|N/A|Frame|T3000调角器上连接板 右 Recliner Upper Backrest R
WM_Ajax|344|5|2774897|01|N/A|Function|T3000 调角器核心件 右 L3000 Manual Recliner Core R
WM_Ajax|345|4|6905340-1401|01|N/A|Assy|副驾L3000 同步杆组件 L3000 Recliner shaft assy
WM_Ajax|346|5|6805341-1600|01|N/A|Frame|L3000 调角器同步杆 L3000 Recliner shaft
WM_Ajax|347|5|6905341-1401|01|N/A|Frame|副驾调角器解锁手柄 Recliner unlock disk
WM_Ajax|348|5|6805342-1401|01|N/A|Frame|扭簧固定支架
WM_Ajax|349|4|6905311-1401|01|N/A|Frame|副驾手柄助力扭簧
WM_Ajax|351|4|2486418|01|N/A|Fastener|同步杆止推卡圈(HG11B) Shaft Clamp
WM_Ajax|352|4|3656846|01|N/A|Plastic|调角器限位挡块(ES8) Endstop Element left
WM_Ajax|353|4|3656855|01|N/A|Spring|调角器解锁手柄回位弹簧 右 Recliner disk release spring L
WM_Ajax|354|4|6805370-1600|01|N/A|Spring|8mm×3.5mm靠背回复板簧 Backrest released spring
WM_Ajax|355|4|3308632|01|N/A|Fastener|靠背连接螺栓M10×1.0×20
WM_Ajax|359|3|6805390-1401|01|N/A|Assy|EPP头枕杆组件
WM_Ajax|360|3|6805350-1401|02|N/A|Assy|头枕杆焊接组件
WM_Ajax|361|4|6805351-1401|02|N/A|Frame|头枕杆
WM_Ajax|362|4|6805352-1401|01|N/A|Frame|头枕杆焊接钢丝
WM_Ajax|363|4|6805001-1401|01|N/A|Foam|EPP泡沫本体
WM_Ajax|364|3|3326919|01|N/A|Plastic|头枕导套
WM_Ajax|365|3|6905340-1402|02|N/A|Assy|副驾气囊安装支架组件
WM_Ajax|366|4|6905341-1402|02|N/A|Frame|副驾气囊安装支架
WM_Ajax|367|4|3308617|01|N/A|Fastener|焊接螺栓
WM_Ajax|368|3|1693808|01|N/A|Fastener|六角法兰面螺母 M6
WM_Ajax|369|2|3308177|01|N/A|Plastic|靠背弹簧安装卡扣(HG11B) sN/Ap joint
WM_Ajax|370|2|6805301-1401|01|N/A|Assy|P5 MAT 靠背曲簧(HG11B)
WM_Ajax|371|2|6905380-1402|01|N/A|SAB|副驾安全气囊
WM_Ajax|372|2|2149919|01|N/A|Fastener|气囊自锁螺母 M5
WM_Ajax|373|2|6805200-1401|02|N/A|Assy|靠背泡沫总成（不带气囊）
WM_Ajax|374|2|6905200-1402|02|N/A|Assy|副驾靠背泡沫总成（带气囊）
WM_Ajax|375|3|A200280|01|N/A|Frame|靠背泡沫拉型钢丝2
WM_Ajax|376|3|A200130|01|N/A|Frame|靠背泡沫拉型钢丝3
WM_Ajax|377|3|6805201-1401|01|N/A|Frame|靠背泡沫拉型钢丝5
WM_Ajax|378|3|6805202-1401|01|N/A|Frame|靠背泡沫拉型钢丝6
WM_Ajax|379|3|6805205-1401|01|N/A|Other|靠背无纺布（不带气囊）
WM_Ajax|380|3|6905202-1402|01|N/A|Other|副驾靠背无纺布（带气囊）
WM_Ajax|381|3|6805206-1401|01|N/A|Other|刺毛带
WM_Ajax|382|3|6805201-1402|01|N/A|Other|加强布
WM_Ajax|383|3|6805203-1401|01|N/A|Foam|靠背泡沫本体（不带气囊）
WM_Ajax|384|3|6905202-1401|01|N/A|Foam|副驾靠背泡沫本体（带气囊）
WM_Ajax|385|2|N 015 261 2|01||Fastener|C型钉
WM_Ajax|386|2|6905100-1401-560|01|N/A|Assy|副驾四向手动靠背面套总成（低配材质）深蓝色
WM_Ajax|387|2|6905100-1401-222|01|N/A|Assy|副驾四向手动靠背面套总成（低配材质）浅灰色
WM_Ajax|388|2|6905100-1408-560||N/A||副驾四向手动靠背面套总成（标配材质）深蓝色
WM_Ajax|389|2|6905100-1408-222||N/A||副驾四向手动靠背面套总成（标配材质）浅灰色
WM_Ajax|390|2|6905100-1402-560|01|N/A|Assy|副驾四向电动靠背面套总成（标配材质）深蓝色
WM_Ajax|391|2|6905100-1402-222|01|N/A|Assy|副驾四向电动靠背面套总成（标配材质）浅灰色
WM_Ajax|392|2|6905100-1403-560|01|N/A|Assy|副驾四向电动靠背面套总成（高配材质）深蓝色
WM_Ajax|393|2|6905100-1403-222|01|N/A|Assy|副驾四向电动靠背面套总成（高配材质）浅灰色
WM_Ajax|394|2|6905100-1406-560|01|N/A|Assy|副驾四向电动靠背面套总成（NAPPA真皮材质）深蓝色
WM_Ajax|395|2|6905100-1406-222|01|N/A|Assy|副驾四向电动靠背面套总成（NAPPA真皮材质）浅灰色
WM_Ajax|396|2|6803200-1402|01|N/A|Assy|前排背板遮挡帘
WM_Ajax|398|2|6800010-1401-560|06|N/A|Assy|前排靠背背板总成（标配材质）
WM_Ajax|400|3|6800011-1401-560|08|N/A|Plastic|前排靠背背板本体
WM_Ajax|401|3|6800012-1401-560|01|N/A|Plastic|地图袋固定支架
WM_Ajax|404|3|6800014-1402|01|N/A|Plastic|地图袋（标配材质）
WM_Ajax|406|3|6800015-1401|02|N/A|Plastic|背板安装支架
WM_Ajax|407|2|6805370-1401|01|N/A|Function|USB模块
WM_Ajax|408|2|GBZG008|01|N/A|Fastener|ST4.8×19自攻钉
WM_Ajax|410|2|6800009-1401|01|N/A|Wire|低配靠背线束
WM_Ajax|411|2|6900005-1402|01|N/A|Wire|标配副驾靠背线束
WM_Ajax|412|1|6903000-1401-560|01|N/A|Assy|副驾四向手动坐垫总成（低配材质）深蓝色
WM_Ajax|413|1|6903000-1401-222|01|N/A|Assy|副驾四向手动坐垫总成（低配材质）浅灰色
WM_Ajax|414|1|6903000-1408-560||N/A||副驾四向手动坐垫总成（标配材质）深蓝色
WM_Ajax|415|1|6903000-1408-222||N/A||副驾四向手动坐垫总成（标配材质）浅灰色
WM_Ajax|416|1|6903000-1402-560|01|N/A|Assy|副驾四向电动坐垫总成（无加热标配材质）深蓝色
WM_Ajax|417|1|6903000-1402-222|01|N/A|Assy|副驾四向电动坐垫总成（无加热标配材质）浅灰色
WM_Ajax|418|1|6903000-1403-560|01|N/A|Assy|副驾四向电动坐垫总成（带加热高配材质）深蓝色
WM_Ajax|419|1|6903000-1403-222|01|N/A|Assy|副驾四向电动坐垫总成（带加热高配材质）浅灰色
WM_Ajax|420|1|6903000-1404-560|01|N/A|Assy|副驾四向电动坐垫总成（带加热标配材质）深蓝色
WM_Ajax|421|1|6903000-1404-222|01|N/A|Assy|副驾四向电动坐垫总成（带加热标配材质）浅灰色
WM_Ajax|422|1|6903000-1405-560|01|N/A|Assy|副驾四向电动坐垫总成（无加热高配材质）深蓝色
WM_Ajax|423|1|6903000-1405-222|01|N/A|Assy|副驾四向电动坐垫总成（无加热高配材质）浅灰色
WM_Ajax|424|1|6903000-1406-560|01|N/A|Assy|副驾四向电动坐垫总成（带加热NAPPA真皮材质）深蓝色
WM_Ajax|425|1|6903000-1406-222|01|N/A|Assy|副驾四向电动坐垫总成（带加热NAPPA真皮材质）浅灰色
WM_Ajax|426|2|6803002-1800|01|N/A||座垫防噪音无纺布
WM_Ajax|427|2|6803200-1401|08|N/A|Assy|坐垫泡沫总成
WM_Ajax|428|3|A200240|01|N/A|Frame|坐垫泡沫拉型钢丝1
WM_Ajax|429|3|A200260|01|N/A|Frame|坐垫泡沫拉型钢丝2
WM_Ajax|430|3|A200160|01|N/A|Frame|坐垫泡沫拉型钢丝3
WM_Ajax|431|3|6803202-1401|01|N/A|Other|刺毛带
WM_Ajax|432|3|6803203-1401|01|N/A|Other|坐垫无纺布
WM_Ajax|433|3|6803201-1401|01|N/A|Foam|坐垫泡沫本体
WM_Ajax|434|2|N 015 261 2|01|N/A|Fastener|C型钉
WM_Ajax|435|2|6903100-1401-560|01|N/A|Assy|副驾四向手动坐垫面套总成（低配材质）深蓝色
WM_Ajax|436|2|6903100-1401-222|01|N/A|Assy|副驾四向手动坐垫面套总成（低配材质）浅灰色
WM_Ajax|437|2|6903100-1408-560||N/A||副驾四向手动坐垫面套总成（标配材质）深蓝色
WM_Ajax|438|2|6903100-1408-222||N/A||副驾四向手动坐垫面套总成（标配材质）浅灰色
WM_Ajax|439|2|6903100-1402-560|01|N/A|Assy|副驾四向电动坐垫面套总成（标配材质）深蓝色
WM_Ajax|440|2|6903100-1402-222|01|N/A|Assy|副驾四向电动坐垫面套总成（标配材质）浅灰色
WM_Ajax|441|2|6903100-1403-560|01|N/A|Assy|副驾四向电动坐垫面套总成（高配材质）深蓝色
WM_Ajax|442|2|6903100-1403-222|01|N/A|Assy|副驾四向电动坐垫面套总成（高配材质）浅灰色
WM_Ajax|443|2|6903100-1406-560|01|N/A|Assy|副驾四向电动坐垫面套总成（NAPPA真皮材质）深蓝色
WM_Ajax|444|2|6903100-1406-222|01|N/A|Assy|副驾四向电动坐垫面套总成（NAPPA真皮材质）浅灰色
WM_Ajax|445|2|6800007-1401|02|N/A|Function|SBR
WM_Ajax|446|2|6800005-1403|01|N/A|Function|加热垫
WM_Ajax|447|2|6803170-1401|02|N/A|Assy|坐垫曲簧组件
WM_Ajax|448|2|6903300-1401|5|N/A|Assy|镁合金座框骨架总成(手动4W) Magnesium alloy cushion frame assy(Manual)
WM_Ajax|449|2|6903300-1402|6|N/A|Assy|镁合金座框骨架总成(电动4W) Magnesium alloy cushion frame assy(Manual)
WM_Ajax|450|3|6903301-1401|02|N/A|Frame|副驾镁合金座框骨架座盆
WM_Ajax|451|3|6903302-1401|05|N/A|Assy|旁侧板支撑焊接组件
WM_Ajax|452|3|6903302-1402|01|||电动旁侧板支撑焊接组件
WM_Ajax|453|4|6903303-1401|03|N/A|Frame|旁侧板支撑前支架
WM_Ajax|454|4|6903304-1401|04|N/A|Frame|座垫前支撑后支架
WM_Ajax|455|4|6903305-1401|01|N/A|Frame|旁侧板支撑上钢丝
WM_Ajax|456|4|6903305-1402|01|N/A|Frame|副驾驶电动旁侧板支撑上钢丝
WM_Ajax|457|4|6903306-1401|03|N/A|Frame|旁侧板支撑下钢丝
WM_Ajax|458|3|3308155|01|N/A|Fastener|D5 拉铆钉
WM_Ajax|459|3|6904300-1401|04|N/A|Assy|副驾四向手动外侧滑道总成-RH
WM_Ajax|460|3|6904400-1401|04|N/A|Assy|副驾四向手动内侧滑道总成-RH
WM_Ajax|461|3|6804380-1401|03|N/A|Assy|解锁手柄组件
WM_Ajax|462|4|6804381-1401|01|N/A|Frame|解锁手柄
WM_Ajax|463|4|6804382-1401|02|N/A|Frame|手柄旋转轴
WM_Ajax|464|4|6804383-1701|01|N/A|Plastic|塑料夹
WM_Ajax|465|3|6804383-1401|01|N/A|Spring|手柄弹簧
WM_Ajax|466|3|6904430-1600|A|N/A|Assy|副驾安全带锁扣安装支架组件
WM_Ajax|467|4|6904431-1600|02|N/A|Frame|副驾安全带锁扣安装支架
WM_Ajax|468|4|3308606|01|N/A|Fastener|凸焊螺母（HG11B）
WM_Ajax|469|3|6803370-1401|01|N/A|Assy|坐垫前端面套固定钢丝组件
WM_Ajax|470|4|6803371-1401|01|N/A|Frame|坐垫前端面套固定钢丝
WM_Ajax|471|4|3308617|01|N/A|Fastener|焊接螺栓M6
WM_Ajax|472|3|1693808|01|N/A|Fastener|M6法兰盘锁紧螺母
WM_Ajax|473|3|6904300-1402|10|N/A|Assy|副驾四向电动外侧滑道总成-RH
WM_Ajax|474|3|6904400-1402|10|N/A|Assy|副驾四向电动内侧滑道总成-RH
WM_Ajax|475|3|6804350-1402|01|N/A|Function|电动滑轨电机总成
WM_Ajax|476|4|4362146|01|N/A|Function|电动滑轨电机
WM_Ajax|477|4|6804454-719|01|N/A|Function|电动传动短软轴
WM_Ajax|478|4|6804355-1402|01|N/A|Function|滑轨电机支架
WM_Ajax|479|4|6804351-1402|02|N/A|Function|电动传动长软轴组件
WM_Ajax|480|5|6804352-1402|02|N/A|Function|电动传动长软轴
WM_Ajax|481|5|6804353-1402|01|N/A|Function|电动传动长软轴胶套
WM_Ajax|482|3|GBLM010-2|01|N/A|Fastener|滑轨链接螺母
WM_Ajax|483|2|6900017-1401|01|N/A|Wire|低配副驾坐垫线束
WM_Ajax|484|2|6900007-1402|03|N/A|Wire|标配副驾坐垫线束
WM_Ajax|485|2|6900002-1403|03|N/A|Wire|高配副驾坐垫线束
WM_Ajax|486|0|FX.575174101|01|N/A|Plastic|后排坐垫安装塑料件
WM_Ajax|487|0|7103000-1401-560|01|N/A|Assy|后排坐垫总成（低配材质）深蓝色
WM_Ajax|488|0|7103000-1401-222|01|N/A|Assy|后排坐垫总成（低配材质）浅灰色
WM_Ajax|489|0|7103000-1402-560|01|N/A|Assy|后排坐垫总成（标配材质）深蓝色
WM_Ajax|490|0|7103000-1402-222|01|N/A|Assy|后排坐垫总成（标配材质）浅灰色
WM_Ajax|491|0|7103000-1403-560|01|N/A|Assy|后排坐垫总成（高配材质）深蓝色
WM_Ajax|492|0|7103000-1403-222|01|N/A|Assy|后排坐垫总成（高配材质）浅灰色
WM_Ajax|493|0|7103000-1404-560|01|N/A|Assy|后排坐垫总成（NAPPA真皮材质）深蓝色
WM_Ajax|494|0|7103000-1404-222|01|N/A|Assy|后排坐垫总成（NAPPA真皮材质）浅灰色
WM_Ajax|495|1|7103001-1401|02|N/A|Package bag|后排坐垫总成包装袋
WM_Ajax|496|1|N 015 261 2|01|N/A|Fastener|C型钉
WM_Ajax|497|1|7103100-1401-560|01|N/A|Assy|后排坐垫面套总成（低配材质）深蓝色
WM_Ajax|498|1|7103100-1401-222|01|N/A|Assy|后排坐垫面套总成（低配材质）浅灰色
WM_Ajax|499|1|7103100-1402-560|01|N/A|Assy|后排坐垫面套总成（标配材质）深蓝色
WM_Ajax|500|1|7103100-1402-222|01|N/A|Assy|后排坐垫面套总成（标配材质）浅灰色
WM_Ajax|501|1|7103100-1403-560|01|N/A|Assy|后排坐垫面套总成（高配材质）深蓝色
WM_Ajax|502|1|7103100-1403-222|01|N/A|Assy|后排坐垫面套总成（高配材质）浅灰色
WM_Ajax|503|1|7103100-1404-560|01|N/A|Assy|后排坐垫面套总成（NAPPA真皮材质）深蓝色
WM_Ajax|504|1|7103100-1404-222|01|N/A|Assy|后排坐垫面套总成（NAPPA真皮材质）浅灰色
WM_Ajax|505|1|7103200-1401|05|N/A|Assy|后排坐垫泡沫总成
WM_Ajax|506|2|7103300-1401|05|N/A|Assy|后排坐垫钢丝总成
WM_Ajax|507|3|7103301-1401|01|N/A|Frame|坐垫钢丝1
WM_Ajax|508|3|7103302-1401|01|N/A|Frame|坐垫钢丝2
WM_Ajax|509|3|7103303-1401|02|N/A|Frame|坐垫安装钢丝1
WM_Ajax|510|3|7103304-1401|01|N/A|Frame|坐垫钢丝3
WM_Ajax|511|3|7103305-1401|01|N/A|Frame|坐垫钢丝4
WM_Ajax|512|3|7103306-1401|01|N/A|Frame|坐垫钢丝5
WM_Ajax|513|3|7103307-1401|01|N/A|Frame|坐垫钢丝6
WM_Ajax|514|3|7103308-1401|01|N/A|Frame|坐垫钢丝7
WM_Ajax|515|3|7103309-1401|01|N/A|Frame|坐垫钢丝8
WM_Ajax|516|3|7103310-1401|01|N/A|Frame|坐垫钢丝9
WM_Ajax|517|3|7103311-1401|01|N/A|Frame|坐垫钢丝10
WM_Ajax|518|3|7103312-1401|01|N/A|Frame|坐垫钢丝11
WM_Ajax|519|3|7103320-1401|01|N/A|Frame|坐垫安装钢丝组件
WM_Ajax|520|3|7103315-1401|01|N/A|Frame|坐垫左侧翼支撑钢丝
WM_Ajax|521|3|7103316-1401|01|N/A|Frame|坐垫右侧翼支撑钢丝
WM_Ajax|522|4|7103321-1401|01|N/A|Frame|坐垫安装钢丝支架
WM_Ajax|523|3|7103313-1401|02|N/A|Frame|坐垫安装钢丝2
WM_Ajax|524|3|7103314-1401|01|N/A|Frame|坐垫钢丝12
WM_Ajax|525|2|7103201-1401|01|N/A|Foam|后排坐垫泡沫本体
WM_Ajax|526|2|7103202-1401|01|N/A|Other|坐垫刺毛带
WM_Ajax|527|2|A200140|01|N/A|Frame|泡沫拉型钢丝1
WM_Ajax|528|2|A200180|01|N/A|Frame|泡沫拉型钢丝2
WM_Ajax|529|2|A200200|01|N/A|Frame|泡沫拉型钢丝3
WM_Ajax|530|2|A200300|01|N/A|Frame|泡沫拉型钢丝4
WM_Ajax|531|2|A200280|01|N/A|Frame|泡沫拉型钢丝5
WM_Ajax|532|2|A200160|01|N/A|Frame|泡沫拉型钢丝6
WM_Ajax|533|0|7105000-1401-560|01|N/A|Assy|后排座椅四分总成（低配材质）深蓝色
WM_Ajax|534|0|7105000-1401-222|01|N/A|Assy|后排座椅四分总成（低配材质）浅灰色
WM_Ajax|535|0|7105000-1402-560|01|N/A|Assy|后排座椅四分总成（标配材质）深蓝色
WM_Ajax|536|0|7105000-1402-222|01|N/A|Assy|后排座椅四分总成（标配材质）浅灰色
WM_Ajax|537|0|7105000-1403-560|01|N/A|Assy|后排座椅四分总成（高配材质）深蓝色
WM_Ajax|538|0|7105000-1403-222|01|N/A|Assy|后排座椅四分总成（高配材质）浅灰色
WM_Ajax|539|0|7105000-1404-560|01|N/A|Assy|后排座椅四分总成（NAPPA真皮材质）深蓝色
WM_Ajax|540|0|7105000-1404-222|01|N/A|Assy|后排座椅四分总成（NAPPA真皮材质）浅灰色
WM_Ajax|541|1|N 015 261 2|01|N/A|Fastener|C型钉
WM_Ajax|542|1|7305014-820|02|N/A|Frame|后排靠背钢丝
WM_Ajax|543|1|7105100-1401-560|01|N/A|Assy|后排四分靠背面套总成（低配材质）深蓝色
WM_Ajax|544|1|7105100-1401-222|01|N/A|Assy|后排四分靠背面套总成（低配材质）浅灰色
WM_Ajax|545|1|7105100-1402-560|01|N/A|Assy|后排四分靠背面套总成（标配材质）深蓝色
WM_Ajax|546|1|7105100-1402-222|01|N/A|Assy|后排四分靠背面套总成（标配材质）浅灰色
WM_Ajax|547|1|7105100-1403-560|01|N/A|Assy|后排四分靠背面套总成（高配材质）深蓝色
WM_Ajax|548|1|7105100-1403-222|01|N/A|Assy|后排四分靠背面套总成（高配材质）浅灰色
WM_Ajax|549|1|7105100-1404-560|01|N/A|Assy|后排四分靠背面套总成（NAPPA真皮材质）深蓝色
WM_Ajax|550|1|7105100-1404-222|01|N/A|Assy|后排四分靠背面套总成（NAPPA真皮材质）浅灰色
WM_Ajax|551|1|7105200-1401|01|N/A|Assy|后排四分靠背泡沫总成
WM_Ajax|552|2|A200220|01|N/A|Frame|后排四分靠背泡沫面套拉型钢丝1
WM_Ajax|553|2|A200260|01|N/A|Frame|后排四分靠背泡沫面套拉型钢丝2
WM_Ajax|554|2|7105201-1401|01|N/A|Other|后排靠背内侧刺毛带
WM_Ajax|555|2|7105203-1401|01|N/A|Other|后排靠背外侧刺毛带
WM_Ajax|556|2|7105204-1401|01|N/A|Frame|后排靠背泡沫面套拉型纵钢丝
WM_Ajax|557|2|7105202-1401|01|N/A|Foam|后排四分靠背泡沫本体
WM_Ajax|558|1|7105007-1401|01|N/A|Assy|后排安全带锁扣组件
WM_Ajax|559|1|7105001-1401-560|6|N/A|Plastic|后排四分外旁侧板
WM_Ajax|560|1|7105002-1401-560|05|N/A|Plastic|后排四分内旁侧板（深蓝色）
WM_Ajax|561|1|7105002-1401-222|05|N/A|Plastic|后排四分内旁侧板（浅灰色）
WM_Ajax|562|1|7105003-1401|01|N/A|Plastic|后排四分靠背背板
WM_Ajax|563|1|7105004-1401|02|N/A|Package bag|后排四分靠背包装袋
WM_Ajax|564|1|7105005-1401|01|N/A|Other|后排解锁拉带
WM_Ajax|565|1|7105006-1401|04|N/A|Plastic|toptether塑料件
WM_Ajax|566|1|6800005-274|01|N/A|Fastener|十字槽盘头自攻螺钉（装塑料件）
WM_Ajax|567|1|7105300-1401|07|N/A|Assy|后排四分靠背骨架总成
WM_Ajax|568|2|7105310-1401|02|N/A|Assy|四分外侧调角器总成
WM_Ajax|569|3|7105350-1401|03|N/A|Assy|四分外侧调角器焊接组件
WM_Ajax|570|4|7105360-1401|02|N/A|Assy|四分外侧调角器下连接板组件
WM_Ajax|571|5|7105361-1401|02|N/A|Frame|四分外侧调角器下连接板
WM_Ajax|572|5|7105362-1401|01|N/A|Frame|四分外侧调角器下连接加强板
WM_Ajax|573|5|7105363-1401|01|N/A|Frame|板簧支架
WM_Ajax|574|5|7105364-1401|02|N/A|Frame|后排外侧定位销
WM_Ajax|575|4|7105370-1401|01|N/A|Assy|四分外侧调角器上连接板焊接组件
WM_Ajax|576|5|7105371-1401|02|N/A|Frame|四分外侧调角器上连接板
WM_Ajax|577|5|7205321-481|01|N/A|Frame|板簧固定套
WM_Ajax|578|4|7105351-1401|01|N/A|Frame|四分外侧解锁支架
WM_Ajax|579|4|7105430-1401|01|N/A|Function|力乐3号调角器RH
WM_Ajax|580|3|7204103-460|01|N/A|Frame|卡簧
WM_Ajax|581|3|7105352-1401|01|N/A|Frame|四分回位板簧
WM_Ajax|582|3|7105307-1401|01|N/A|Plastic|右侧板簧罩盖
WM_Ajax|583|3|6800005-274|01|N/A|Fastener|十字盘头自攻螺钉
WM_Ajax|584|2|7105380-1401|02|N/A|Assy|四分内侧连接总成
WM_Ajax|585|3|7105320-1401|01|N/A|Assy|四分背内侧上连接板组件
WM_Ajax|586|4|7105321-1401|01|N/A|Frame|四分背内侧上连接板
WM_Ajax|587|4|114017|01|N/A|Fastener|M8焊接螺母
WM_Ajax|588|3|7105330-1401|02|N/A|Assy|四分背内侧下连接板组件
WM_Ajax|589|4|7105331-1401|01|N/A|Frame|四分背内侧下连接板
WM_Ajax|590|4|7105332-1401|01|N/A|Frame|侧护板安装支架
WM_Ajax|591|4|2781549|01|N/A|Fastener|7/16焊接螺母
WM_Ajax|592|4|7205005-710|01|N/A|Frame|自润滑衬套
WM_Ajax|593|3|7205003-710|02|N/A|Fastener|M8台阶螺栓
WM_Ajax|594|2|7105341-1401|01|N/A|Frame|四分背isofix横管
WM_Ajax|595|2|7105342-1401|02|N/A|Frame|isofix钢丝
WM_Ajax|596|2|7105310-613|01|N/A|Assy|top tether焊接组件
WM_Ajax|597|3|7105311-613|01|N/A|Frame|toptether固定板
WM_Ajax|598|3|7105312-613|01|N/A|Frame|toptether钢丝
WM_Ajax|599|2|7105311-1401|01|N/A|Frame|四分靠背管框
WM_Ajax|600|2|7105312-1401|01|N/A|Frame|四分靠背左侧泡沫支撑钢丝
WM_Ajax|601|2|7105313-1401|01|N/A|Frame|四分后背纵向支撑钢丝
WM_Ajax|602|2|7105314-1401|01|N/A|Frame|四分背上支撑钢丝
WM_Ajax|603|2|7105315-1401|01|N/A|Frame|四分背下支撑钢丝
WM_Ajax|604|2|7105316-1401|01|N/A|Frame|四分背泡沫右侧泡沫支撑钢丝
WM_Ajax|605|2|7105322-1401|01|N/A|Frame|背板支架
WM_Ajax|606|2|7105317-1401|01|N/A|Frame|四分背底部泡沫支撑钢丝
WM_Ajax|607|2|7105318-1401|01|N/A|Frame|四分背底部加强钢丝
WM_Ajax|608|2|7105319-1401|01|N/A|Frame|四分背顶部泡沫支撑钢丝
WM_Ajax|609|2|85315-58J00-00|01|N/A|Frame|头枕支座左
WM_Ajax|610|2|85316-58J00-00|01|N/A|Frame|头枕支座右
WM_Ajax|611|2|7105324-1401|01|N/A|Frame|四分右侧内支撑钢丝
WM_Ajax|613|1|7105400-1401-560|02|N/A|Assy|后排外侧头枕总成(低配材质)深蓝色
WM_Ajax|614|1|7105400-1401-222|02|N/A|Assy|后排外侧头枕总成(低配材质)浅灰色
WM_Ajax|615|1|7105400-1402-560|01|N/A|Assy|后排外侧头枕总成（标配材质）深蓝色
WM_Ajax|616|1|7105400-1402-222|01|N/A|Assy|后排外侧头枕总成（标配材质）浅灰色
WM_Ajax|617|1|7105400-1403-560|01|N/A|Assy|后排外侧头枕总成（NAPPA真皮材质）深蓝色
WM_Ajax|618|1|7105400-1403-222|01|N/A|Assy|后排外侧头枕总成（NAPPA真皮材质）浅灰色
WM_Ajax|619|2|7105411-1401|01|N/A|Foam|后排外侧头枕泡沫
WM_Ajax|620|2|7105412-1401|02|N/A|Frame|后排外侧头枕杆
WM_Ajax|621|2|7105420-1401|01|N/A|Assy|后排外侧头枕面套总成（低配材质）
WM_Ajax|622|2|7105420-1402|01|N/A|Assy|后排外侧头枕面套总成（标配材质）
WM_Ajax|623|2|7105420-1403|01|N/A|Assy|后排外侧头枕面套总成（NAPPA真皮材质）
WM_Ajax|624|1|6805031-801-560|06|N/A|Plastic|头枕固定套（右）深蓝色
WM_Ajax|625|1|6805031-801-222|06|N/A|Plastic|头枕固定套（右）浅灰色
WM_Ajax|626|1|6805020-801-560|06|N/A|Assy|头枕固定套组件(左)深蓝色
WM_Ajax|627|1|6805020-801-222|06|N/A|Assy|头枕固定套组件(左)浅灰色
WM_Ajax|628|2|6805021-801|06|N/A|Plastic|头枕固定套本体
WM_Ajax|629|2|6805022-801|01|N/A|Plastic|头枕固定套卡销
WM_Ajax|630|2|6805023-801|01|N/A|Plastic|头枕固定套按键
WM_Ajax|631|0|7205000-1401-560|01|N/A|Assy|后排座椅六分总成（低配材质）深蓝色
WM_Ajax|632|0|7205000-1401-222|01|N/A|Assy|后排座椅六分总成（低配材质）浅灰色
WM_Ajax|633|0|7205000-1402-560|01|N/A|Assy|后排座椅六分总成（标配材质）深蓝色
WM_Ajax|634|0|7205000-1402-222|01|N/A|Assy|后排座椅六分总成（标配材质）浅灰色
WM_Ajax|635|0|7205000-1403-560|01|N/A|Assy|后排座椅六分总成（高配材质）深蓝色
WM_Ajax|636|0|7205000-1403-222|01|N/A|Assy|后排座椅六分总成（高配材质）浅灰色
WM_Ajax|637|0|7205000-1404-560|01|N/A|Assy|后排座椅六总成（NAPPA真皮材质）深蓝色
WM_Ajax|638|0|7205000-1404-222|01|N/A|Assy|后排座椅六总成（NAPPA真皮材质）浅灰色
WM_Ajax|639|1|N 015 261 2|01|N/A|Fastener|C型钉
WM_Ajax|640|1|7305014-820|02|N/A|Frame|后排靠背钢丝
WM_Ajax|641|1|7205100-1401-560|01|N/A|Assy|后排六分靠背面套总成（低配材质）深蓝色
WM_Ajax|642|1|7205100-1401-222|01|N/A|Assy|后排六分靠背面套总成（低配材质）浅灰色
WM_Ajax|643|1|7205100-1402-560|01|N/A|Assy|后排六分靠背面套总成（标配材质）深蓝色
WM_Ajax|644|1|7205100-1402-222|01|N/A|Assy|后排六分靠背面套总成（标配材质）浅灰色
WM_Ajax|645|1|7205100-1403-560|01|N/A|Assy|后排六分靠背面套总成（高配材质）深蓝色
WM_Ajax|646|1|7205100-1403-222|01|N/A|Assy|后排六分靠背面套总成（高配材质）浅灰色
WM_Ajax|647|1|7205100-1404-560|01|N/A|Assy|后排六分靠背面套总成（NAPPA真皮材质）深蓝色
WM_Ajax|648|1|7205100-1404-222|01|N/A|Assy|后排六分靠背面套总成（NAPPA真皮材质）浅灰色
WM_Ajax|649|1|7205200-1401|01|N/A|Assy|后排六分靠背泡沫总成
WM_Ajax|650|2|A200220|01|N/A|Frame|后排六分靠背泡沫面套拉型钢丝1
WM_Ajax|651|2|A200260|01|N/A|Frame|后排六分靠背泡沫面套拉型钢丝2
WM_Ajax|652|2|7105201-1401|01|N/A|Other|后排靠背内侧刺毛带
WM_Ajax|653|2|7105203-1401|01|N/A|Other|后排靠背外侧刺毛带
WM_Ajax|654|2|7105204-1401|01|N/A|Frame|后排靠背泡沫面套拉型纵钢丝
WM_Ajax|655|2|7205201-1401|01|N/A|Foam|后排六分靠背泡沫本体
WM_Ajax|656|2|7205202-1401|01|N/A|Other|刺毛带
WM_Ajax|657|1|7205001-1401-560|06|N/A|Plastic|后排六分外旁侧板
WM_Ajax|658|1|7205002-1401-560|03|N/A|Plastic|后排六分内旁侧板（深蓝色）
WM_Ajax|659|1|7205002-1401-222|03|N/A|Plastic|后排六分内旁侧板（浅灰色）
WM_Ajax|660|1|7205003-1401|01|N/A|Plastic|后排六分靠背背板
WM_Ajax|661|1|7205004-1401-560|02|N/A|Plastic|后排扶手右侧塑料罩盖
WM_Ajax|662|1|7205005-1401||N/A|Plastic|后排扶手左侧塑料轴套
WM_Ajax|663|1|7205007-1401|02|N/A|Package bag|六分靠背包装袋
WM_Ajax|664|1|7105005-1401|01|N/A|Other|后排解锁拉带
WM_Ajax|665|1|7105006-1401|04|N/A|Plastic|toptether塑料件
WM_Ajax|666|1|6800005-274|01|N/A|Fastener|十字槽盘头自攻螺钉（装塑料件）
WM_Ajax|667|1|7205300-1401|07|N/A|Assy|后排六分靠背骨架总成
WM_Ajax|668|2|7205310-1401|03|N/A|Assy|六分外侧调角器总成
WM_Ajax|669|3|7205340-1401|05|N/A|Assy|六分外侧调角器焊接组件
WM_Ajax|670|4|7205360-1401|03|N/A|Assy|六分外侧调教器下连接板组件
WM_Ajax|671|5|7205361-1401|02|N/A|Frame|六分外侧下连接板
WM_Ajax|672|5|7205362-1401|01|N/A|Frame|六分外侧调角器下连接板加强支架
WM_Ajax|673|5|7105363-1401|01|N/A|Frame|板簧支架
WM_Ajax|674|5|7205363-1401|02|N/A|Frame|拉锁支架
WM_Ajax|675|5|7105364-1401|01|N/A|Frame|外侧定位销
WM_Ajax|676|4|7205350-1401|02|N/A|Assy|六分外侧上连接板组件
WM_Ajax|677|5|7205351-1401|03|N/A|Frame|六分外侧上连接板
WM_Ajax|678|5|7205321-481|01|N/A|Frame|板簧固定套
WM_Ajax|679|4|7205341-1401|03|N/A|Frame|六分外侧解锁支架
WM_Ajax|680|4|7205430-1401|01|N/A|Function|力乐3号调角器LH
WM_Ajax|681|3|7205352-1401|01|N/A|Frame|六分回位板簧
WM_Ajax|682|3|7204103-460|01|N/A|Frame|卡簧
WM_Ajax|683|3|7205307-1401|01|N/A|Plastic|左侧板簧罩盖
WM_Ajax|684|3|6800005-274|01|N/A|Fastener|十字盘头自攻螺钉
WM_Ajax|685|2|7205320-1401|02|N/A|Assy|六分内侧调角器总成
WM_Ajax|686|3|7205370-1401|04|N/A|Assy|六分内侧调角器焊接总成
WM_Ajax|687|4|7205380-1401|01|N/A|Assy|六分内侧上连接板组件
WM_Ajax|688|5|7205381-1401|03|N/A|Frame|六分内侧上连接板
WM_Ajax|689|5|7205321-481|01|N/A|Frame|板簧固定套
WM_Ajax|690|5|7205382-1401|01|N/A|Frame|六分内侧调角器上连接加强支架
WM_Ajax|691|4|7205390-1401|04|N/A|Assy|六分内侧下连接板焊接组件
WM_Ajax|692|5|7205391-1401|02|N/A|Frame|六分内侧下连接板
WM_Ajax|693|5|7205363-1401|02|N/A|Frame|拉锁支架
WM_ASE2_FS|1|99|6800016-1401|05|左侧脚盖板|plastic|
WM_ASE2_FS|2|0|6800018-1401|05|右侧脚盖板|plastic|
WM_ASE2_FS|3|0|4530543|AC|正驾六向电动座椅总成（PVC，带SBA）(深蓝黑)|Assy|
WM_ASE2_FS|4|99|4891251|AC|正驾六向电动座椅总成（PVC，带SBA）(冷咖棕)|Assy|
WM_ASE2_FS|5|0|4530544|AC|正驾六向电动座椅总成（真皮，带SBA）(深蓝黑)|Assy|
WM_ASE2_FS|6|99|4891255|AC|正驾六向电动座椅总成（真皮，带SBA）(冷咖棕)|Assy|
WM_ASE2_FS|7|0|4530545|AC|正驾六向电动座椅总成（Nappa真皮，带腰托，带加热，带记忆，带SBA）(深蓝黑)|Assy|
WM_ASE2_FS|8|99|4891257|AC|正驾六向电动座椅总成（Nappa真皮，带腰托，带加热，带记忆，带SBA）(冷咖棕)|Assy|
WM_ASE2_FS|9|0|4530546|AC|正驾六向电动座椅总成（真皮，带腰托，带加热，带记忆，带SBA）(深蓝黑)|Assy|
WM_ASE2_FS|10|99|4891259|AC|正驾六向电动座椅总成（真皮，带腰托，带加热，带记忆，带SBA）(冷咖棕)|Assy|
WM_ASE2_FS|11|1|6800006-1401|01|前排安全带锁扣总成|Assy|
WM_ASE2_FS|12|1|6800001-1402-560|06|主驾六向电动外侧旁侧板|plastic|
WM_ASE2_FS|13|1|6800002-1401-560|04|主驾六向内侧旁侧板|plastic|
WM_ASE2_FS|14|1|6800010-614|01|主驾六向开关控制盒|electronic|
WM_ASE2_FS|15|1|6800004-614|01|6W电动坐垫调节按钮|plastic|
WM_ASE2_FS|16|1|6800003-614|01|6W电动靠背调节按钮|plastic|
WM_ASE2_FS|17|1|6800012-406|01|电气控制开关盒自攻螺钉|Metal|
WM_ASE2_FS|18|1|6800030-614|01|电动腰托开关按钮组件|electronic|
WM_ASE2_FS|19|1|6800004-1403|03|记忆开关按钮组件|plastic|
WM_ASE2_FS|20|1|6800001-1403|02|记忆模块|electronic|
WM_ASE2_FS|21|1|6800004-1404-560|03|标配旁侧板装饰盖1|plastic|
WM_ASE2_FS|22|1|6800004-1402-560|04|标配旁侧板装饰盖2|plastic|
WM_ASE2_FS|23|1|6800008-1401|02|前排座椅包装袋|plastic|
WM_ASE2_FS|24|1|6800005-274|01|十字槽盘头自攻螺钉（装塑料件）|Metal|
WM_ASE2_FS|25|1|3308632|01|靠背连接螺栓M10×1.0×20|Metal|
WM_ASE2_FS|26|1|4530547|AB|正驾六向电动靠背总成（PVC，带SBA）|Assy|
WM_ASE2_FS|27|1|4530548|AB|正驾六向电动靠背总成（真皮，带SBA）|Assy|
WM_ASE2_FS|28|1|4530549|AB|正驾六向电动靠背总成（Nappa真皮，带腰托，带记忆，带SBA）|Assy|
WM_ASE2_FS|29|1|4530550|AB|正驾六向电动靠背总成（真皮，带腰托，带记忆，带SBA）|Assy|
WM_ASE2_FS|30|2|4530551|AA|正驾镁合金靠背骨架总成(电动不带记忆)|Assy|
WM_ASE2_FS|31|2|6805300-1409|01|PRO电动主驾靠背骨架总成(电动带记忆)|Assy|
WM_ASE2_FS|32|3|6905310-1402|03|镁合金靠背骨架分总成(电动)|Assy|
WM_ASE2_FS|33|3|6805310-1403|03|正驾镁合金靠背骨架分总成(电动带记忆)|Assy|
WM_ASE2_FS|34|4|3308610|03|镁合金靠背骨架(HG11B)|Metal|
WM_ASE2_FS|35|4|6805320-1402|03|T3000电动调角器组件 左|Metal|
WM_ASE2_FS|36|5|6805131-1402|03|T3000调角器上连接板 左 Recliner upper bracket L|Metal|
WM_ASE2_FS|38|5|6805321-1401|01|调角器下连接板 左 Recliner lower bracket L|Metal|
WM_ASE2_FS|39|4|6805330-1402|03|T3000电动调角器组件 右|Metal|
WM_ASE2_FS|40|5|6805331-1401|01|调角器下连接板 右 Recliner lower bracket R|Metal|
WM_ASE2_FS|41|5|6805333-1402|03|T3000调角器上连接板 右 Recliner Upper Backrest R|Metal|
WM_ASE2_FS|42|5|2774897|02|T3000调角器核心件 T3000-20P|Metal|
WM_ASE2_FS|43|4|2486418|01|同步杆止推卡圈(HG11B) Shaft Clamp|Metal|
WM_ASE2_FS|44|4|3308632|01|靠背连接螺栓M10×1.0×20|Metal|
WM_ASE2_FS|45|4|2774901|01|电动调角器同步杆（HG11B）|Metal|
WM_ASE2_FS|47|4|2774902|02|调角器电机（带记忆）|electronic|
WM_ASE2_FS|48|4|2774906|01|调角器电机（HG11B）|electronic|
WM_ASE2_FS|49|3|6805390-1401|01|EPP头枕杆组件|Assy|
WM_ASE2_FS|50|4|6805350-1401|02|头枕杆焊接组件|Metal|
WM_ASE2_FS|51|5|6805351-1401|02|头枕杆|Metal|
WM_ASE2_FS|52|5|6805352-1401|01|头枕杆焊接钢丝|Metal|
WM_ASE2_FS|53|4|6805001-1401|01|EPP泡沫本体|Foam|
WM_ASE2_FS|54|3|3326919|02|头枕导套|plastic|
WM_ASE2_FS|55|3|6805340-1402|02|主驾气囊安装支架组件|Metal|
WM_ASE2_FS|56|4|6805341-1402|02|主驾气囊安装支架|Metal|
WM_ASE2_FS|57|4|3308617|01|焊接螺栓|Metal|
WM_ASE2_FS|58|3|1693808|01|六角法兰面螺母 M6|Metal|
WM_ASE2_FS|59|3|6805301-1409|01|侧翼支撑钢丝左|Metal|
WM_ASE2_FS|60|3|6805302-1409|01|侧翼支撑钢丝右|Metal|
WM_ASE2_FS|62|2|3308177|01|靠背弹簧安装卡扣(HG11B) sN/Ap joint|plastic|
WM_ASE2_FS|63|2|6805301-1401|02|P5 MAT 靠背曲簧|Assy|
WM_ASE2_FS|64|2|6800006-1403|04|气动腰托|Assy|
WM_ASE2_FS|65|2|6805380-1402|01|主驾安全气囊|Assy|
WM_ASE2_FS|66|2|2149919|01|气囊自锁螺母 M5|Metal|
WM_ASE2_FS|67|2|4530552|AE|正驾靠背泡沫总成（带气囊）|Assy|
WM_ASE2_FS|68|3|4666505|AA|正驾靠背无纺布（带气囊）|trim|
WM_ASE2_FS|69|3|6805203-1409|01|肩部刺毛带1|trim|
WM_ASE2_FS|70|3|6805204-1409|01|肩部刺毛带2|trim|
WM_ASE2_FS|72|3|5002636|AA|吊紧刺毛带1|trim|
WM_ASE2_FS|73|3|4666506|AB|吊紧钢丝1|Metal|
WM_ASE2_FS|74|3|4666507|AA|吊紧钢丝2|Metal|
WM_ASE2_FS|75|3|4728432|AA|吊紧钢丝3|Metal|
WM_ASE2_FS|76|3|4530554|AD|正驾靠背泡沫本体（带气囊）|Foam|
WM_ASE2_FS|77|2|N 015 261 2|01|C型钉|Metal|
WM_ASE2_FS|78|2|4882123|AA|前排靠背面套固定钢丝|Metal|
WM_ASE2_FS|79|2|4530555|AA|正驾六向电动靠背面套总成（PVC，带气囊）|trim|
WM_ASE2_FS|80|2|4530556|AA|正驾六向电动靠背面套总成（真皮，带气囊）|trim|
WM_ASE2_FS|81|2|4530557|AA|正驾六向电动靠背面套总成（Nappa真皮，带气囊）|trim|
WM_ASE2_FS|82|2|6803200-1402|01|前排背板遮挡帘|trim|
WM_ASE2_FS|83|2|6800010-1401-560|05|前排靠背背板总成（标配材质）|Assy|
WM_ASE2_FS|84|3|6800011-1401-560|07|前排靠背背板本体|plastic|
WM_ASE2_FS|85|3|6800012-1401-560|02|地图袋固定支架|plastic|
WM_ASE2_FS|86|3|6800013-1401-560|04|背板插口盖板|plastic|
WM_ASE2_FS|87|3|6800015-1401|02|背板安装支架|plastic|
WM_ASE2_FS|88|3|6800014-1402|01|地图袋（标配材质）|trim|
WM_ASE2_FS|89|2|GBZG008|01|ST4.8×19自攻钉|Metal|
WM_ASE2_FS|90|2|6805370-1401|01|USB模块|electronic|
WM_ASE2_FS|91|2|6800005-1402|03|标配主驾靠背线束|electronic|
WM_ASE2_FS|92|2|6800008-1403|03|高配主驾靠背线束|electronic|
WM_ASE2_FS|93|1|4530558|AB|正驾六向电动坐垫总成（PVC）|Assy|
WM_ASE2_FS|94|1|4530559|AB|正驾六向电动坐垫总成（真皮）|Assy|
WM_ASE2_FS|95|1|4530560|AB|正驾六向电动坐垫总成（Nappa真皮，带加热，带记忆）|Assy|
WM_ASE2_FS|96|1|4530561|AB|正驾六向电动坐垫总成（真皮，带加热，带记忆）|Assy|
WM_ASE2_FS|97|2|6803002-1800|01|座垫防噪音无纺布|trim|
WM_ASE2_FS|98|2|6803170-1401|02|坐垫曲簧组件|Assy|
WM_ASE2_FS|99|2|6803300-1402|07|镁合金座框骨架总成(电动6W不带记忆)|Assy|
WM_ASE2_FS|100|2|6803300-1403|07|镁合金座框骨架总成(电动6W带记忆)|Assy|
WM_ASE2_FS|101|3|3308126|01|升降机构螺栓|Metal|
WM_ASE2_FS|102|3|6803310-1402|05|正驾六向电动座框骨架分总成（不带记忆）|Assy|
WM_ASE2_FS|103|3|6803310-1403|05|正驾六向电动座框骨架分总成（带记忆）|Assy|
WM_ASE2_FS|104|4|6803311-1401|02|座框焊接总成|Assy|
WM_ASE2_FS|105|5|6803312-1600|A|助力后横管 Assistance rear tube|Metal|
WM_ASE2_FS|106|5|6803317-1401|01|高调齿板组件|Metal|
WM_ASE2_FS|107|6|6803316-1401|01|高调齿板焊接分总成|Metal|
WM_ASE2_FS|108|7|6803314-1600|A|高调齿板 Gear linkage|Metal|
WM_ASE2_FS|109|7|6803315-1401|01|高调限位挡板|Metal|
WM_ASE2_FS|110|6|3308285|01|自润滑衬套φ15.4(HG11B) Self-lubricating bushing φ15.4|Metal|
WM_ASE2_FS|111|5|3308299|01|后提升连杆组件(HG11B) Rear Linkage Assy|Assy|
WM_ASE2_FS|112|6|3308301|01|后提升连杆(HG11B) Rear Linkage|Metal|
WM_ASE2_FS|113|6|3308285|01|自润滑衬套φ15.4(HG11B) Self-lubricating bushing φ15.4|Metal|
WM_ASE2_FS|115|6|3308263|03|镁合金座框骨架(HG11B) Magnesium alloy cushion frame|Metal|
WM_ASE2_FS|116|6|3308290|01|自润滑衬套φ22(HG11B) Self-lubricating bushing φ22|Metal|
WM_ASE2_FS|118|4|6803320-1401|01|前提升杆焊接组件|Assy|
WM_ASE2_FS|119|5|6803340-1401|01|前提升连杆组件-左|Assy|
WM_ASE2_FS|120|6|6803341-1401|01|前提升连杆-左|Metal|
WM_ASE2_FS|121|6|3308285|01|自润滑衬套φ15.4(HG11B) Self-lubricating bushing φ15.4|Metal|
WM_ASE2_FS|122|6|3308288|01|自润滑衬套φ12.42(HG11B) Self-lubricating bushing φ12.42|Metal|
WM_ASE2_FS|123|5|6803350-1401|01|前提升连杆组件-右 Front Linkage Assy|Assy|
WM_ASE2_FS|124|6|6803351-1401|01|前提升连杆-右 Front linkage|Metal|
WM_ASE2_FS|125|6|3308285|01|自润滑衬套φ15.4(HG11B) Self-lubricating bushing φ15.4|Metal|
WM_ASE2_FS|126|6|3308288|01|自润滑衬套φ12.42(HG11B) Self-lubricating bushing φ12.42|Metal|
WM_ASE2_FS|127|5|6803321-1401|01|加强横管|Metal|
WM_ASE2_FS|128|4|3308283|01|(HG11B)D11.5 铆钉 D11.5 Rivet|Metal|
WM_ASE2_FS|129|4|2778675|01|止退挡圈|Metal|
WM_ASE2_FS|130|4|3308137|01|高调防撞支架组件|Assy|
WM_ASE2_FS|131|5|3308187|01|高调防撞支架|Metal|
WM_ASE2_FS|133|4|1693808|01|M6法兰盘锁紧螺母|Metal|
WM_ASE2_FS|134|4|3487724|AA|HA2000 电动高调组件(不带记忆)|Assy|
WM_ASE2_FS|135|4|3487734|01|HA2000 电动高调组件(带记忆)|Assy|
WM_ASE2_FS|136|3|3308155|01|D5 拉铆钉(HG11B)|Metal|
WM_ASE2_FS|137|3|1693808|01|M6法兰盘锁紧螺母|Metal|
WM_ASE2_FS|138|3|6803360-1402|05|电动旁侧板支撑焊接组件|Assy|
WM_ASE2_FS|139|4|6803361-1401|02|旁侧板支撑前支架|Metal|
WM_ASE2_FS|140|4|6803361-1402|02|电动旁侧板中间支撑板|Metal|
WM_ASE2_FS|141|4|6803362-1402|03|电动动旁侧板支撑钢丝1|Metal|
WM_ASE2_FS|142|4|6803363-1402|02|电动旁侧板支撑钢丝2|Metal|
WM_ASE2_FS|143|3|6803313-1401|01|电器安装支架|Metal|
WM_ASE2_FS|144|3|6803370-1401|01|坐垫前端面套固定钢丝组件|Assy|
WM_ASE2_FS|145|4|6803371-1401|01|坐垫前端面套固定钢丝|Metal|
WM_ASE2_FS|146|4|3308617|01|焊接螺栓M6|Metal|
WM_ASE2_FS|147|3|6803301-1402|01|线束安装支架|Metal|
WM_ASE2_FS|148|3|6804300-1402|09|主驾六向电动外侧滑道总成-LH|Assy|
WM_ASE2_FS|149|3|6804400-1402|10|主驾六向电动内侧滑道总成-LH|Assy|
WM_ASE2_FS|150|3|6804350-1403|01|电动滑轨电机总成（带记忆）|Assy|
WM_ASE2_FS|151|3|6804350-1402|01|电动滑轨电机总成（不带记忆）|Assy|
WM_ASE2_FS|154|4|6804454-719|02|电动传动短软轴|Assy|
WM_ASE2_FS|155|4|6804355-1402|03|滑轨电机支架|Metal|
WM_ASE2_FS|156|4|6804351-1402|01|电动传动长软轴组件|Assy|
WM_ASE2_FS|157|5|6804352-1402|01|电动传动长软轴|Metal|
WM_ASE2_FS|158|5|6804353-1402|01|电动传动长软轴胶套|plastic|
WM_ASE2_FS|159|2|4530562|AD|正驾电动坐垫泡沫总成|Assy|
WM_ASE2_FS|160|3|6803202-1401|01|吊紧刺毛带3|trim|
WM_ASE2_FS|161|3|4666508|AA|吊紧刺毛带4|trim|
WM_ASE2_FS|162|3|4728433|AA|折弯钢丝1|Metal|
WM_ASE2_FS|163|3|4126777|AA|A型钢丝240mm|Metal|
WM_ASE2_FS|164|3|3819076|AA|A型钢丝280mm|Metal|
WM_ASE2_FS|165|3|6803203-1401|01|坐垫无纺布|trim|
WM_ASE2_FS|166|3|4530563|AB|坐垫泡沫本体|Foam|
WM_ASE2_FS|167|2|N 015 261 2|01|C型钉|Metal|
WM_ASE2_FS|170|2|4530566|AA|正驾六向电动坐垫面套总成（Nappa真皮）|trim|
WM_ASE2_FS|171|2|4530567|AB|SBR|electronic|
WM_ASE2_FS|172|2|4530568|AA|加热垫|electronic|
WM_ASE2_FS|173|2|6800006-1402|03|标配主驾坐垫线束（无记忆）|electronic|
WM_ASE2_FS|174|2|6800007-1403|04|高配主驾坐垫线束|electronic|
WM_ASE2_FS|175|0|4530569|AC|副驾四向电动座椅总成（PVC，带SBA）(深蓝黑)|Assy|
WM_ASE2_FS|176|99|4891265|AC|副驾四向电动座椅总成（PVC，带SBA）(冷咖棕)||
WM_ASE2_FS|177|0|4530570|AC|副驾四向电动座椅总成（真皮，带SBA）(深蓝黑)|Assy|
WM_ASE2_FS|178|99|4891269|AC|副驾四向电动座椅总成（真皮，带SBA）(冷咖棕)|Assy|
WM_ASE2_FS|179|0|4530571|AC|副驾四向电动座椅总成（Nappa真皮，带SBA，带加热）(深蓝黑)|Assy|
WM_ASE2_FS|180|99|4891271|AC|副驾四向电动座椅总成（Nappa真皮，带SBA，带加热）(冷咖棕)|Assy|
WM_ASE2_FS|181|0|4530572|AC|副驾四向电动座椅总成（真皮，带SBA，带加热）(深蓝黑)|Assy|
WM_ASE2_FS|182|99|4891274|AC|副驾四向电动座椅总成（真皮，带SBA，带加热）(冷咖棕)|Assy|
WM_ASE2_FS|183|1|6800006-1401|01|前排安全带锁扣总成|Assy|
WM_ASE2_FS|184|1|6900001-1402-560|05|副驾四向电动外侧旁侧板|plastic|
WM_ASE2_FS|185|1|6900002-1401-560|04|副驾四向内侧旁侧板|plastic|
WM_ASE2_FS|186|1|6800005-274|01|十字槽盘头自攻螺钉（装塑料件）|Metal|
WM_ASE2_FS|187|1|6800012-406|01|电气控制开关盒自攻螺钉|Metal|
WM_ASE2_FS|188|1|6907110-BH04|01|副驾四向开关|electronic|
WM_ASE2_FS|189|1|6900003-1402|01|副驾4W电动坐垫调节按钮|plastic|
WM_ASE2_FS|190|1|6900004-1402|01|副驾4W电动靠背调节按钮|plastic|
WM_ASE2_FS|191|1|3308632|01|靠背连接螺栓M10×1.0×20|Metal|
WM_ASE2_FS|192|1|6800008-1401|02|前排座椅包装袋|plastic|
WM_ASE2_FS|193|1|4530573|AB|副驾四向电动靠背总成（PVC，带SBA）|Assy|
WM_ASE2_FS|194|1|4530574|AB|副驾四向电动靠背总成（真皮，带SBA）|Assy|
WM_ASE2_FS|195|1|4530575|AB|副驾四向电动靠背总成（Nappa真皮，带SBA）|Assy|
WM_ASE2_FS|196|2|6905300-1409|01|PRO电动副驾靠背骨架总成|Assy|
WM_ASE2_FS|197|3|6905310-1402|03|镁合金靠背骨架分总成(电动)|Assy|
WM_ASE2_FS|199|4|3308610|03|镁合金靠背骨架(HG11B)|Metal|
WM_ASE2_FS|200|4|6805320-1402|03|T3000电动调角器组件 左|Metal|
WM_ASE2_FS|201|5|6805131-1402|03|T3000调角器上连接板 左 Recliner upper bracket L|Metal|
WM_ASE2_FS|203|5|6805321-1401|01|调角器下连接板 左 Recliner lower bracket L|Metal|
WM_ASE2_FS|204|4|6805330-1402|03|T3000电动调角器组件 右|Metal|
WM_ASE2_FS|205|5|6805331-1401|01|调角器下连接板 右 Recliner lower bracket R|Metal|
WM_ASE2_FS|206|5|6805333-1402|03|T3000调角器上连接板 右 Recliner Upper Backrest R|Metal|
WM_ASE2_FS|207|5|2774897|02|T3000调角器核心件 T3000-20P|Metal|
WM_ASE2_FS|208|4|2486418|01|同步杆止推卡圈(HG11B) Shaft Clamp|Metal|
WM_ASE2_FS|210|4|2774901|01|电动调角器同步杆（HG11B）|Metal|
WM_ASE2_FS|213|3|6805390-1401|01|EPP头枕杆组件|Assy|
WM_ASE2_FS|214|4|6805350-1401|02|头枕杆焊接组件|Metal|
WM_ASE2_FS|215|5|6805351-1401|02|头枕杆|Metal|
WM_ASE2_FS|216|5|6805352-1401|01|头枕杆焊接钢丝|Metal|
WM_ASE2_FS|217|4|6805001-1401|01|EPP泡沫本体|Foam|
WM_ASE2_FS|218|3|3326919|01|头枕导套|plastic|
WM_ASE2_FS|219|3|6905340-1402|02|副驾气囊安装支架组件|Metal|
WM_ASE2_FS|220|4|6905341-1402|02|副驾气囊安装支架|Metal|
WM_ASE2_FS|221|4|3308617|01|焊接螺栓|Metal|
WM_ASE2_FS|222|3|1693808|01|六角法兰面螺母 M6|Metal|
WM_ASE2_FS|223|3|6805301-1409|01|侧翼支撑钢丝左|Metal|
WM_ASE2_FS|224|3|6805302-1409|01|侧翼支撑钢丝右|Metal|
WM_ASE2_FS|226|2|3308177|01|靠背弹簧安装卡扣(HG11B) sN/Ap joint|plastic|
WM_ASE2_FS|227|2|6805301-1401|02|P5 MAT 靠背曲簧|Assy|
WM_ASE2_FS|228|2|6905380-1402|01|副驾安全气囊|Assy|
WM_ASE2_FS|229|2|2149919|01|气囊自锁螺母 M5|Metal|
WM_ASE2_FS|230|2|4530576|AE|电动副驾靠背泡沫总成（带气囊）|Assy|
WM_ASE2_FS|231|3|4666509|AA|副驾靠背无纺布（带气囊）|trim|
WM_ASE2_FS|232|3|6805203-1409|01|肩部刺毛带1|trim|
WM_ASE2_FS|233|3|6805204-1409|01|肩部刺毛带2|trim|
WM_ASE2_FS|235|3|5002636|AA|吊紧刺毛带1|trim|
WM_ASE2_FS|236|3|4666506|AB|吊紧钢丝1|Metal|
WM_ASE2_FS|237|3|4666507|AA|吊紧钢丝2|Metal|
WM_ASE2_FS|238|3|4728432|AA|吊紧钢丝3|Metal|
WM_ASE2_FS|239|3|4530577|AD|副驾靠背泡沫本体（带气囊）|Foam|
WM_ASE2_FS|240|2|N 015 261 2|01|C型钉|Metal|
WM_ASE2_FS|241|2|4882123|AA|前排靠背面套固定钢丝|Metal|
WM_ASE2_FS|242|2|4530578|AA|副驾四向电动靠背面套总成（PVC，带SBA）|trim|
WM_ASE2_FS|243|2|4530579|AA|副驾四向电动靠背面套总成（真皮，带SBA）|trim|
WM_ASE2_FS|244|2|4530580|AA|副驾四向电动靠背面套总成（Nappa真皮，带SBA）|trim|
WM_ASE2_FS|245|2|6803200-1402|01|前排背板遮挡帘|trim|
WM_ASE2_FS|246|2|6800010-1401-560|05|前排靠背背板总成（标配材质）|Assy|
WM_ASE2_FS|247|3|6800011-1401-560|07|前排靠背背板本体|plastic|
WM_ASE2_FS|248|3|6800012-1401-560|02|地图袋固定支架|plastic|
WM_ASE2_FS|249|3|6800013-1401-560|04|背板插口盖板|plastic|
WM_ASE2_FS|250|3|6800015-1401|02|背板安装支架|plastic|
WM_ASE2_FS|251|3|6800014-1402|01|地图袋（标配材质）|trim|
WM_ASE2_FS|252|2|6805370-1401|01|USB模块|electronic|
WM_ASE2_FS|253|2|GBZG008|01|ST4.8×19自攻钉|Metal|
WM_ASE2_FS|254|2|6900005-1402|01|标配副驾靠背线束|electronic|
WM_ASE2_FS|255|1|4530581|AB|副驾四向电动坐垫总成（PVC）|Assy|
WM_ASE2_FS|256|1|4530582|AB|副驾四向电动坐垫总成（真皮）|Assy|
WM_ASE2_FS|257|1|4530583|AB|副驾四向电动坐垫总成（Nappa真皮，带加热）|Assy|
WM_ASE2_FS|258|1|4530584|AB|副驾四向电动坐垫总成（真皮，带加热）|Assy|
WM_ASE2_FS|259|2|6803002-1800|01|座垫防噪音无纺布|trim|
WM_ASE2_FS|260|2|4530562|AD|正驾电动坐垫泡沫总成|Assy|
WM_ASE2_FS|261|3|6803202-1401|01|吊紧刺毛带3|trim|
WM_ASE2_FS|262|3|4666508|AA|吊紧刺毛带4|trim|
WM_ASE2_FS|263|3|4728433|AA|折弯钢丝1|Metal|
WM_ASE2_FS|264|3|4126777|AA|A型钢丝240mm|Metal|
WM_ASE2_FS|265|3|3819076|AA|A型钢丝280mm|Metal|
WM_ASE2_FS|266|3|6803203-1401|01|坐垫无纺布|trim|
WM_ASE2_FS|267|3|4530563|AB|坐垫泡沫本体|Foam|
WM_ASE2_FS|268|2|N 015 261 2|01|C型钉|Metal|
WM_ASE2_FS|269|2|4530585|AA|副驾四向电动坐垫面套总成（PVC）|trim|
WM_ASE2_FS|270|2|4530586|AA|副驾四向电动坐垫面套总成（真皮）|trim|
WM_ASE2_FS|271|2|4530587|AA|副驾四向电动坐垫面套总成（Nappa真皮）|trim|
WM_ASE2_FS|272|2|4530567|AB|SBR|electronic|
WM_ASE2_FS|273|2|4530568|AA|加热垫|electronic|
WM_ASE2_FS|274|2|6803170-1401|02|坐垫曲簧组件|Assy|
WM_ASE2_FS|275|2|6903300-1402|06|镁合金座框骨架总成(电动4W)|Assy|
WM_ASE2_FS|276|3|6903301-1401|03|副驾镁合金座框骨架座盆|Metal|
WM_ASE2_FS|277|3|6903302-1402|01|电动旁侧板支撑焊接组件|Assy|
WM_ASE2_FS|278|4|6903303-1401|03|旁侧板支撑前支架|Metal|
WM_ASE2_FS|279|4|6903304-1401|04|座垫前支撑后支架|Metal|
WM_ASE2_FS|280|4|6903305-1402|01|副驾驶电动旁侧板支撑上钢丝|Metal|
WM_ASE2_FS|281|4|6903306-1401|03|旁侧板支撑下钢丝|Metal|
WM_ASE2_FS|283|3|6904430-1600|A|副驾安全带锁扣安装支架组件|Assy|
WM_ASE2_FS|284|4|6904431-1600|02|副驾安全带锁扣安装支架|Metal|
WM_ASE2_FS|285|4|3308606|01|凸焊螺母（HG11B）|Metal|
WM_ASE2_FS|286|3|6803370-1401|01|坐垫前端面套固定钢丝组件|Assy|
WM_ASE2_FS|287|4|6803371-1401|01|坐垫前端面套固定钢丝|Metal|
WM_ASE2_FS|288|4|3308617|01|焊接螺栓M6|Metal|
WM_ASE2_FS|289|3|1693808|01|六角法兰面螺母 M6|Metal|
WM_ASE2_FS|290|3|6904300-1402|09|副驾四向电动外侧滑道总成-RH|Assy|
WM_ASE2_FS|291|3|6904400-1402|09|副驾四向电动内侧滑道总成-RH|Assy|
WM_ASE2_FS|292|3|6804350-1402|01|电动滑轨电机总成|Assy|
WM_ASE2_FS|294|4|6804454-719|02|电动传动短软轴|Assy|
WM_ASE2_FS|295|4|6804355-1402|03|滑轨电机支架|Metal|
WM_ASE2_FS|296|4|6804351-1402|01|电动传动长软轴组件|Assy|
WM_ASE2_FS|297|5|6804352-1402|01|电动传动长软轴|Metal|
WM_ASE2_FS|298|5|6804353-1402|01|电动传动长软轴胶套|plastic|
WM_ASE2_FS|299|3|GBLM010-2|01|滑轨链接螺母|Metal|
WM_ASE2_FS|300|2|6900007-1402|03|标配副驾坐垫线束|electronic|
WM_ASE2_FS|301|2|6900002-1403|03|高配副驾坐垫线束|electronic|
WM_ASE2_RS_6_3|4|1|7300107-860|NA|NA|Plastic|拉带出口处罩盖
WM_ASE2_RS_6_3|10|3|7305314-710|A|NA|Frame|拉锁出口盖固定支架总成
WM_ASE2_RS_6_3|11|4|7305313-710|A|NA|Frame|拉锁出口盖固定支架
WM_ASE2_RS_6_3|12|4|7305315-710|A|NA|Frame|拉锁出口盖固定钢丝
WM_ASE2_RS_6_3|14|4|7305302-490|A|NA|Frame|减震垫
WM_ASE2_RS_6_3|15|4|7305303-490-02|A|NA|Frame|回位簧
WM_ASE2_RS_6_3|19|6|7305364-490|A|NA|Frame|铆钉
WM_ASE2_RS_6_3|20|6|7305323-710|A|NA|Frame|解锁支架（左）
WM_ASE2_RS_6_3|22|7|7305326-710|A|NA|Frame|解锁手柄（左）
WM_ASE2_RS_6_3|24|7|7305324-860|A|NA|Frame|铆钉
WM_ASE2_RS_6_3|28|4|7005301-820|A|NA|Frame|头枕支座
WM_ASE2_RS_6_3|53|3|7305314-710|A|NA|Frame|拉锁出口盖固定支架总成
WM_ASE2_RS_6_3|54|4|7305313-710|A|NA|Frame|拉锁出口盖固定支架
WM_ASE2_RS_6_3|55|4|7305315-710|A|NA|Frame|拉锁出口盖固定钢丝
WM_ASE2_RS_6_3|57|4|7305302-490|A|NA|Frame|减震垫
WM_ASE2_RS_6_3|58|4|7305303-490-02|A|NA|Frame|回位簧
WM_ASE2_RS_6_3|62|6|7305364-490|A|NA|Frame|铆钉
WM_ASE2_RS_6_3|63|6|7305323-710|A|NA|Frame|解锁支架（右）
WM_ASE2_RS_6_3|65|7|7405326-710|A|NA|Frame|解锁手柄分（右）
WM_ASE2_RS_6_3|67|7|7305324-860|A|NA|Frame|铆钉
WM_ASE2_RS_6_3|71|4|7005301-820|A|NA|Frame|头枕支座
WM_ASE2_RS_6_3|96|1|01550-0835A-000|0 1|NA|Fastener|地锁安装螺栓
WM_ASE2_RS_6_3|176|2|4257431|A|NA|Packagebag|头枕包装袋
WM_ASE2_RS_6_3|177|2|4257460|A|NA|Cover|6人座后排座椅头枕面套总成(PVC)
WM_ASE2_RS_6_3|178|2|4257472|A|NA|Foam|6人座三排座椅头枕泡沫
WM_ASE2_RS_6_3|179|2|4257473|B|NA|Frame|6人座三排座椅头枕杆焊接组件
WM_ASE2_RS_6_3|180|3|4257476|A|NA|Frame|6人座三排座椅头枕杆
WM_ASE2_RS_6_3|181|3|4257479|A|NA|Frame|6人座三排座椅头枕支撑钢丝
WM_ASE2_RS_6_3|182|1|6805020-801|0 6|NA|Plastic|头枕固定套组件（左）
WM_ASE2_RS_6_3|183|1|6805031-801|0 6|NA|Plastic|头枕固定套（右）
WM_ASE2_RS_6_3|191|1|7203003-1005|A|NA|Fastener|6人座三排，坐靠连接螺栓
WM_ASE2_RS_6_3|192|1|6800005-274|A|NA|Fastener|6人座三排，塑料件紧固螺钉
WM_ASE2_RS_6_3|193|1|NA|01|NA|Fastener|C型钉
WM_ASE2_RS_6_2|21|4|724103-460|A|NA||止退垫圈
WM_ASE2_RS_6_2|22|4|7205312-481|A|NA||板簧限位片
WM_ASE2_RS_6_2|23|3|6805332-529|A|NA||左侧调角器解锁手柄
WM_ASE2_RS_6_2|37|4|724103-460|A|NA||止退垫圈
WM_ASE2_RS_6_2|38|4|7205312-481|0 1|NA||板簧限位片
WM_ASE2_RS_6_2|47|3|7005301-820|0 3|NA||头枕支座
WM_ASE2_RS_6_2|64|4|7005301-820|A|NA||头枕支座
WM_ASE2_RS_6_2|69|5|7203442-720|A|NA||铆钉
WM_ASE2_RS_6_2|73|6|7105416-711|0 3|NA||铆钉
WM_ASE2_RS_6_2|74|5|7305302-490|A|NA||减震垫
WM_ASE2_RS_6_2|81|5|7305364-490|A|NA||铆钉
WM_ASE2_RS_6_2|95|5|724103-460|A|NA||止退垫圈
WM_ASE2_RS_6_2|96|5|7205312-481|0 1|NA||板簧限位片
WM_ASE2_RS_6_2|111|5|7204103-460|A|NA||止退垫圈
WM_ASE2_RS_6_2|112|5|7205312-481|0 1|NA||板簧限位片
WM_ASE2_RS_6_2|130|3|GBLM019-7/16|A|NA||buckle螺母
WM_ASE2_RS_6_2|163|1|GBLM010-2|A|NA||M8螺母
WM_ASE2_RS_6_2|174|3|GBLM019-7/16|A|NA||buckle螺母
WM_ASE2_RS_6_2|203|3|7103331-842|A|NA||衬套
WM_ASE2_RS_6_2|204|2|7203305-481|A|NA||台阶螺栓
WM_ASE2_RS_6_2|207|2|7203416-484|A|NA||卷簧下档点
WM_ASE2_RS_6_2|208|2|7203333-710|A|NA||止退卡圈
WM_ASE2_RS_6_2|209|2|GBLM010-2|A|NA||M8螺母
WM_ASE2_RS_6_2|222|1|GBLM010-2|A|NA||M8螺母
WM_ASE2_RS_6_2|223|1|(3093596(01550-0835A-000))|A|NA||M8螺栓
WM_ASE2_RS_6_2|265|2|4257432|B|NA||6人座中排1+1座椅头枕面套总成(PVC)
WM_ASE2_RS_6_2|266|2|4257442|B|NA||6人座中排1+1座椅头枕泡沫
WM_ASE2_RS_6_2|267|3|4257445|B|NA||6人座中排1+1座椅头枕杆
WM_ASE2_RS_6_2|268|1|6805020-801|0 6|NA||头枕固定套组件（左）
WM_ASE2_RS_6_2|269|1|6805031-801|0 6|NA||头枕固定套（右）
WM_ASE2_RS_6_2|281|1|87381-62L00-01|A|NA||6人座中排，靠背拉带出口盖上瓣
WM_ASE2_RS_6_2|282|1|87381-62L00-02|A|NA||6人座中排，靠背拉带出口盖下瓣
WM_ASE2_RS_6_2|296|1|7203003-1005|A|NA||6人座中排，坐靠连接螺栓
WM_ASE2_RS_6_2|297|1|6800005-274|A|NA||6人座中排，塑料件紧固螺钉
WM_ASE2_RS_6_2|306|3|4257194|C|NA||单臂扶手外侧骨架(右)
WM_ASE2_RS_6_2|307|3|4257197|C|NA||单臂扶手内侧骨架(右)
WM_ASE2_RS_6_2|308|3|4257202|C|NA||单臂扶手连接骨架(右)
WM_ASE2_RS_6_2|309|2|4257204|B|NA||单臂扶手泡沫(右)
WM_ASE2_RS_6_2|310|2|4245584|B|NA||单臂扶手面套(右)
WM_ASE2_RS_6_2|311|1|1853544|A|NA||扶手调角器-右
WM_ASE2_RS_6_2|316|3|4257439|A|NA||单臂扶手外侧骨架(左)
WM_ASE2_RS_6_2|317|3|4245586|A|NA||单臂扶手内侧骨架(左)
WM_ASE2_RS_6_2|318|3|4245587|A|NA||单臂扶手连接骨架(左)
WM_ASE2_RS_6_2|319|2|4261718|A|NA||单臂扶手泡沫(左)
WM_ASE2_RS_6_2|320|2|4261719|A|NA||单臂扶手面套(左)
WM_ASE2_RS_6_2|321|1|1853549|A|NA||扶手调角器
WM_ASE2_RS_6_2|322|1|4221816|A|NA||扶手调角器安装螺栓
WM_ASE2_RS_5|33|7|7105352-820||NA|Fastener|焊接方螺母_M10X1.25
WM_ASE2_RS_5|62|6|7205325-860|A|NA|Frame|60%靠背左边板
WM_ASE2_RS_5|78|4|7105310-613|A|NA|ASSY|toptether焊接组件
WM_ASE2_RS_5|79|5|7105311-613|A|NA|Frame|toptether安装板
WM_ASE2_RS_5|80|5|7105312-613|A|NA|Wire|toptether钢丝
WM_ASE2_RS_5|82|4|7205420-860|A|NA|ASSY|调角器链接盒组件
WM_ASE2_RS_5|83|5|7205421-860|A|NA|Frame|调角器链接盒左
WM_ASE2_RS_5|84|5|7205422-860|A|NA|Frame|调角器链接盒右
WM_ASE2_RS_5|85|4|7205326-860|A|NA|Frame|连接销
WM_ASE2_RS_5|87|4|7105314-1800|A|NA|Frame|靠背背板支撑支架
WM_ASE2_RS_5|88|2|7005301-820|AA|NA|Frame|头枕支座
WM_ASE2_RS_5|124|4|7105310-613|A|NA|Assy|toptether焊接组件
WM_ASE2_RS_5|125|5|7105311-613|A|NA|Frame|toptether安装板
WM_ASE2_RS_5|126|5|7105312-613|A|NA|Wire|toptether钢丝
WM_ASE2_RS_5|130|6|7205324-860|A|NA|Frame|40%靠背右边板
WM_ASE2_RS_5|154|7|7105352-820||NA|Fastener|焊接方螺母_M10X1.25
WM_ASE2_RS_5|161|6|7205325-860|A|NA|Frame|60%靠背左边板
WM_ASE2_RS_5|169|2|7005301-820|A|NA|Frame|头枕支座
WM_ASE2_RS_5|231|3|4769211|AA|NA|Frame|座前连杆支架右
WM_ASE2_RS_5|253|2|4939258|AA|NA|Assy|60%前连杆组件
WM_ASE2_RS_5|256|3|4939255|AA|NA|Frame|60%左前支脚组件
WM_ASE2_RS_5|259|4|7105364-1401||NA|Frame|后排外侧定位销
WM_ASE2_RS_5|274|3|4769211|AA|NA|Frame|座前连杆支架右
WM_ASE2_RS_5|294|2|3819073|AA|NA|Wire|5人座后排，靠背泡沫横钢丝02
WM_ASE2_RS_5|310|2|3819073|AA|NA|Wire|5人座后排，靠背泡沫横钢丝02
WM_ASE2_RS_5|325|2|3819076|AA|NA|Wire|5人座后排，坐垫泡沫横钢丝01
WM_ASE2_RS_5|326|2|3819071|AA|NA|Wire|5人座后排，坐垫泡沫横钢丝02
WM_ASE2_RS_5|340|2|3819076|AA|NA|Wire|5人座后排，坐垫泡沫横钢丝01
WM_ASE2_RS_5|360|2|4257493|A|NA|Cover|5人座后排座椅边侧头枕面套总成(PVC)
WM_ASE2_RS_5|361|2|4257497|A|NA|Foam|后排座椅边侧头枕泡沫
WM_ASE2_RS_5|362|2|4257499|A|NA|Frame|后排座椅边侧头枕杆
WM_ASE2_RS_5|364|2|4257506|A|NA|ASSY|5人座后排座椅中间头枕面套总成(PVC)
WM_ASE2_RS_5|365|2|4257511|A|NA|PUR|后排座椅中间头枕泡沫
WM_ASE2_RS_5|366|2|4245677|A|NA|Assy|后排座椅中间头枕杆焊接组件
WM_ASE2_RS_5|367|3|4257513|A|NA|Frame|后排座椅中间头枕支撑钢丝
WM_ASE2_RS_5|368|3|4257512|A|NA|Frame|后排座椅中间头枕杆
WM_ASE2_RS_5|369|1|87531-78M30|A|NA||扶手转轴轴套
WM_ASE2_RS_5|370|1|87532-78M30|A|NA||扶手限位轴衬套
WM_ASE2_RS_5|371|1|2224796|A|NA||后排靠背扶手安装螺栓
WM_ASE2_RS_5|372|1|7205500-1402|A|NA|ASSY|5人座后排，扶手总成，60%侧中间，PVC
WM_ASE2_RS_5|373|2|7205510-1402|A|NA||后排扶手面套总成（PVC）
WM_ASE2_RS_5|374|2|7205501-1401|A|NA||后排扶手拉带
WM_ASE2_RS_5|375|2|2510263|A|NA||后排扶手杯托总成
WM_ASE2_RS_5|376|3|2510266|A|NA||杯托本体
WM_ASE2_RS_5|377|3|2510264|A|NA||杯托上盖板
WM_ASE2_RS_5|378|3|2510265|A|NA||杯托下盖板
WM_ASE2_RS_5|379|3|2510268|A|NA||杯托右侧弹簧
WM_ASE2_RS_5|380|3|2510267|A|NA||保持垫片
WM_ASE2_RS_5|381|3|2113416|A|NA||杯托旋转销
WM_ASE2_RS_5|382|3|2113417|A|NA||转轴螺钉
WM_ASE2_RS_5|383|3|2170319|A|NA||橡胶钉
WM_ASE2_RS_5|384|2|2163358|A|NA||闷盖
WM_ASE2_RS_5|385|2|1294223|A|NA||螺钉
WM_ASE2_RS_5|389|2|7205520-1401|A|NA||后排扶手泡沫总成
WM_ASE2_RS_5|390|3|7205530-1401|A|NA||后排扶手骨架总成
WM_ASE2_RS_5|391|4|7205532-1401|A|NA||金属板
WM_ASE2_RS_5|392|4|7205531-1401|A|NA||固定钢丝
WM_ASE2_RS_5|393|4|7205533-1401|A|NA||支撑钢丝
WM_ASE2_RS_5|394|4|7205332-1401|A|NA||后排扶手右侧骨架
WM_ASE2_RS_5|395|4|7205333-1401|A|NA||后排扶手左侧骨架
WM_ASE2_RS_5|396|4|7205334-1401|A|NA||限位轴
WM_ASE2_RS_5|397|4|7205335-1401|A|NA||转轴
WM_ASE2_RS_5|398|4|7205336-1401|A|NA||扶手左连接板
WM_ASE2_RS_5|399|4|7205337-1401|A|NA||扶手右连接板
WM_ASE2_RS_5|400|3|7205521-1401|A|NA||扶手泡沫本体
WM_ASE2_RS_5|401|3|7205522-1401|A|NA||扶手泡沫加强钢丝
WM_ASE2_RS_5|402|1|4258989|B|NA||后排扶手右侧塑料罩盖
WM_ASE2_RS_5|404|1|6805020-801|0 6|NA|Plastic|头枕固定套组件（左）
WM_ASE2_RS_5|405|1|6805031-801|0 6|NA|Plastic|头枕固定套（右）
WM_ASE2_RS_5|429|1|7105006-1401|A|NA|Plastic|5人座后排，TOPtether（借用威马1）
WM_ASE2_RS_5|430|1|7100008-717|A|NA|Fastener|沉头紧固自攻螺钉
WM_ASE2_RS_5|431|1|6800005-274|A|NA|Fastener|塑料件盘头紧固自攻螺钉
WM_ASE2_RS_5|438|1|09103-11002-000|A|NA|Fastener|后座垫锁定螺栓
WM_ASE2_RS_5|446|99|7100008-717|A|NA|Fastener|5人座后排，沉头紧固自攻螺钉
